Title,number of examinations,Subtitle,Questions
36_1,36,1,"核上性眼球運動に関与しないのはどれか．
ａCajal 間質核　　　　　　　 
ｂ舌下神経前位核　　
ｃ Edinger­Westphal 核
ｄ PPRF（傍正中橋網様体） 
ｅ riMLF（内側縦束吻側間質核）"
36_2,36,2,"硝子体の加齢変化の関与が少ないのはどれか．
ａ　生理的飛蚊症　　　　
ｂ　近視性網膜分離　　
ｃ　特発性黄斑円孔
ｄ　裂孔原性網膜剝離　　
ｅ　視神経乳頭周囲ぶどう腫"
36_3,36,3,"視神経で正しいのはどれか．
ａ　篩状板後方で有髄神経になる．　　　　　
ｂ　篩状板の周辺部はくも膜に接着する．
ｃ　耳鼻側の篩状板孔は上下側より大きい． 
ｄ　篩状板部は網膜中心動脈により栄養される．
ｅ　篩状板は数百層の結合組織のシートから構成される．"
36_4,36,4,"房水の産生と排出で正しいのはどれか．2 つ選べ．
ａ　房水は毛様体色素上皮から産生される．　　　
ｂ　房水産生には概日リズムが影響している．
ｃ　上強膜静脈圧が高いと房水流出は減少する． 
ｄ　房水はぶどう膜強膜流出路から主に排出される．
ｅ　交感神経β受容体刺激によって房水産生が抑制される．"
36_5,36,5,"アトロピン硫酸塩水和物点眼薬で正しいのはどれか．
ａ　瞳孔括約筋を収縮させる．　　　　　　
ｂ　交感神経ブロック作用を持つ．
ｃ　副作用として血圧低下がみられる．　　
ｄ　瞳孔散大効果は 3 日以内に消失する．
ｅ　調節麻痺は散瞳にやや遅れて発現する．"
36_6,36,6,"神経外胚葉由来の眼組織はどれか．2 つ選べ．
ａ　水晶体　　
ｂ　脈絡膜　　
ｃ　毛様体筋　　
ｄ　感覚網膜　　
ｅ　網膜色素上皮"
36_7,36,7,"網膜色素上皮細胞の機能障害を反映する検査所見はどれか．
ａ    EOG：Arden 比低下　　　　　　 
ｂ　フラッシュ ERG：OP 波消失　　
ｃ　限界フリッカ値（CFF）：低下
ｄ　パターン VEP：P100 潜時延長　　
ｅ　暗順応検査：Kohlrausch 屈曲点検出"
36_8,36,8,"脈絡膜を構成する組織を網膜側から強膜側へ正しく並べたのはどれか．
ａ Bruch 膜―脈絡毛細血管板―上脈絡膜―血管層　　
ｂ Bruch 膜―上脈絡膜―血管層―脈絡毛細血管板
ｃ Bruch 膜―脈絡毛細血管板―血管層―上脈絡膜　　
ｄ Bruch 膜―上脈絡膜―脈絡毛細血管板―血管層
ｅ Bruch 膜―血管層―脈絡毛細血管板―上脈絡膜"
36_9,36,9,"眼圧と眼圧検査で正しいのはどれか．2 つ選べ．
ａ　眼圧の単位は mmHg である．　　　　　　　　 　
ｂ　仰臥位では座位よりも眼圧は高値となる．
ｃ　健常者では 1 日を通してほぼ一定の値である．　　
ｄ　角膜厚が薄いほど眼圧測定値は高値になりやすい．
ｅ　非接触型眼圧計は 1 回の測定で正確な眼圧値が得られる．"
36_10,36,10,"5 m 離れて視力検査した場合，視力 1.0 に相当する Landolt 環の切れ目の幅（mm）はどれか．
ａ 1.0　　
ｂ 1.5　　
ｃ 2.0　　
ｄ 3.0　　
ｅ 7.5"
36_11,36,11,"眼底画像検査で正しいのはどれか．2 つ選べ．
ａ OCT の解像度は最高で 100μm である．
ｂ OCTA では層別血流評価が可能である．
ｃ　眼底自発蛍光撮影では網膜色素上皮細胞死は過蛍光となる．
ｄ　インドシアニングリーン蛍光眼底造影には短波長光を用いる．
ｅ　フルオレセイン蛍光眼底造影では血液網膜関門の評価が可能である．"
36_12,36,12,"外眼筋の中で対側の神経核から交差支配を受ける筋はどれか．2 つ選べ．
ａ　上直筋　　
ｂ　外直筋　　
ｃ　内直筋　　
ｄ　下直筋　　
ｅ　上斜筋"
36_13,36,13,"「人を対象とする生命科学・医学系研究に関する倫理指針」で求められている倫理審査委員会の構成要件で誤っているのはどれか．
ａ 5 名以上であること．　　　　　　　　　　 
ｂ　男女両性で構成されていること．
ｃ　委員長は自然科学の有識者であること．　　
ｄ　人文・社会科学の有識者が含まれていること．
ｅ　一般の立場から意見を述べることのできる者が含まれていること．"
36_14,36,14,"入院診療計画書作成に関与する必要があるのはどれか．3 つ選べ．
ａ　医師　　
ｂ　看護師　　
ｃ　管理者　　
ｄ　管理栄養士　　
ｅ　ケースワーカー"
36_15,36,15,"身体障害者診断書・意見書で正しいのはどれか．
ａ　視力 0.15 は 0.1 として計算する．
ｂ　視野障害は単独で 1 級認定となり得る．
ｃ　視力障害は左右各眼の矯正視力の和で評価する．
ｄ　視力障害と視野障害の両方に該当する場合は高い方の等級が適用される．
ｅ 一眼の視力が 0.02 のとき他眼の視力が 0.7 以下であれば，身体障害者手帳の交付が可能である．"
36_16,36,16,"角膜ドナーの適応にならないのはどれか．
ａ　白血病　　
ｂ Parkinson 病　　
ｃ Alzheimer 病　　
ｄ　多発性硬化症　　
ｅ 95 歳の白内障手術後"
36_17,36,17,"特定健診・特定保健指導の必須項目はどれか．3 つ選べ．
ａ　血糖検査　　
ｂ　眼底検査　　
ｃ　心電図検査　　
ｄ　肝機能検査　　
ｅ　腹囲の測定"
36_18,36,18,"電離放射線障害防止規則第 56 条に規定する健康診断の項目に基づき実施すべきなのはどれか．
ａ　眼圧に関する検査　　　　　
ｂ　白内障に関する検査　　
ｃ　網膜疾患に関する検査
ｄ　視神経疾患に関する検査　　
ｅ　視力・色覚に関する検査"
36_19,36,19,"優れたスクリーニング検査の条件はどれか．2 つ選べ．
ａ　高い感度　　
ｂ　高い特異度　　
ｃ　高い偽陽性率　　
ｄ　高い偽陰性率　　
ｅ　高い陽性的中率"
36_20,36,20,"特定臨床研究法に該当する研究はどれか．2 つ選べ．
ａ　ヒトゲノムを含む臨床研究
ｂ　未承認の薬剤の有効性を調査した臨床研究
ｃ　製薬企業等から資金提供を受けて行った臨床研究
ｄ　承認済み薬剤の有効性を比較検討した二重盲検試験
ｅ　地域住民の疾患の有病率を調査した疫学研究（population—based study）"
36_21,36,21,"矯正視力が右 1.2，左 0.08 の時，普通自動車第一種運転免許に必要な右眼視野の要件はどれか．
ａ　左右 120°以上　　
ｂ　左右 135°以上　　
ｃ　左右 150°以上　　
ｄ　左右 165°以上　　
ｅ　左右 180°以上"
36_22,36,22,"涙腺と涙液で正しいのはどれか．
ａ　副涙腺は Zeis 腺と Moll 腺である．　　　 　
ｂ　主涙腺は眼窩の上鼻側に位置する．
ｃ　主涙腺の眼瞼葉は眼窩葉よりも大きい．　　
ｄ　角膜上の涙液の水層は油層よりも表層側にある．
ｅ　涙液は三叉神経第 1 枝の刺激によって分泌される．"
36_23,36,23,"涙道疾患で正しいのはどれか．
ａ　薬剤性涙道閉塞は鼻涙管閉塞が多い．　　　　　
ｂ　先天涙道閉塞では総涙小管閉塞が多い．
ｃ　涙小管炎では涙道内視鏡検査は禁忌である．　　
ｄ　慢性涙囊炎は涙囊鼻腔吻合術の良い適応である．
ｅ　急性涙囊炎では直ちに涙管チューブ挿入術を施行する．"
36_24,36,24,"新生児において多量の膿性眼脂を来す結膜炎の病因微生物はどれか．2 つ選べ．
ａ　淋菌　　
ｂ　肺炎球菌　　
ｃ　クラミジア　　
ｄ　アデノウイルス　　
ｅ　単純ヘルペスウイルス"
36_25,36,25,"副腎皮質ステロイドの投与経路で眼圧上昇の影響が最も少ないのはどれか．
ａ　点眼　　
ｂ　点鼻　　
ｃ　内服　　
ｄ　テノン囊下注射　　
ｅ　眼瞼への軟膏塗布"
36_26,36,26,"アトピー角結膜炎で誤っているのはどれか．
ａ　角膜知覚の低下を認める．　　　　　　
ｂ　慢性期には角膜新生血管を認める．
ｃ　両眼性の角膜ヘルペスを合併する．　　
ｄ　急性・増悪期には巨大乳頭を呈する．
ｅ　慢性期には結膜上皮の扁平上皮化生・杯細胞の減少を認める．"
36_27,36,27,"両眼に渦状の角膜混濁がある症例に関連するのはどれか．2 つ選べ．
ａ　喫煙歴　　
ｂ　家族歴　　
ｃ　使用薬剤　　
ｄ　海外渡航歴　　
ｅ　膠原病の既往"
36_28,36,28,"強膜炎で誤っているのはどれか．
ａ　充血部位の圧痛がある．　　　　　　　　　　　　
ｂ　充血が目立たないタイプがある．
ｃ　内服薬により強膜炎が誘発されることがある．　　
ｄ　感染性疾患は強膜炎の原因として除外できる．
ｅ　全身性エリテマトーデスは強膜炎のリスク因子である．"
36_29,36,29,"角膜血管新生の原因とならないのはどれか．
ａ　無虹彩症　　
ｂ　角膜ヘルペス　　
ｃ　流行性角結膜炎　　
ｄ　角膜フリクテン　　
ｅ　角膜手術の縫合糸"
36_30,36,30,"角膜神経で正しいのはどれか．
ａ Aβ線維からなる．　　　　　　　　 
ｂ　主に顔面神経支配を受ける．
ｃ　角膜上皮下に神経叢を形成する．　　
ｄ　一度障害を受けると再生しない．
ｅ　神経密度は皮膚と同程度である．"
36_31,36,31,"糖尿病で生じる水晶体の変化で正しいのはどれか．2 つ選べ．
ａ　ソルビトールが減少する．　　　　　
ｂ　酸化ストレスが上昇する．
ｃ　水溶性蛋白質の含量が増加する．　　
ｄ　前囊下白内障の発症が特徴的である．
ｅ　急激な血糖上昇は水晶体厚が変化する．"
36_32,36,32,"水晶体偏位を合併する全身疾患はどれか．3 つ選べ．
ａ Alport 症候群　　　 
ｂ Marfan 症候群　　
ｃ Werner 症候群
ｄ ホモシスチン尿症　　
ｅ Weill­Marchesani 症候群"
36_33,36,33,"網膜血管炎を生じにくいのはどれか．
ａ    Behçet 病　　　　　 
ｂ　急性網膜壊死　　
ｃ　サルコイドーシス
ｄ    Vogt­-小柳­-原田病　　
ｅ　サイトメガロウイルス網膜炎"
36_34,36,34,"網膜色素上皮下の黄白色病変を伴うのはどれか．2 つ選べ．
ａ　軟性白斑　　　　　　
ｂ　急性網膜壊死　　
ｃ　軟性ドルーゼン
ｄ　眼内悪性リンパ腫　　
ｅ　卵黄様黄斑ジストロフィ"
36_35,36,35,"網膜ひだ形成の原因とならないのはどれか．
ａ　未熟児網膜症　　　　　　　 
ｂ　眼トキソカラ症　　
ｃ　硝子体血管系遺残（PFV）
ｄ　先天黒内障（Leber 先天盲）　　
ｅ　家族性滲出性硝子体網膜症（FEVR）"
36_36,36,36,"点状脈絡膜内層症（PIC）で正しいのはどれか．
ａ　男性に多い．　　　　　　　　 
ｂ　黄白色斑がみられる．　　
ｃ　視野異常は起こらない．
ｄ    50 歳以上で起こりやすい．　　
ｅ　前房に炎症細胞がみられる．"
36_37,36,37,"血管腫を来すのはどれか．2 つ選べ．
ａ Louis­Bar 症候群　　　 
ｂ von Hippel­Lindau 病　　
ｃ Sturge­Weber 症候群
ｄ von Recklinghausen 病　　
ｅ Bourneville­Pringle 病"
36_38,36,38,"糖尿病黄斑浮腫の治療薬はどれか．3 つ選べ．
ａ faricimab　　
ｂ infliximab　　
ｃ adalimumab　　
ｄ ranibizumab　　
ｅ brolucizumab"
36_39,36,39,"高安動脈炎で頻度の高いのはどれか．2 つ選べ．
ａ　角膜潰瘍　　
ｂ　網膜裂孔　　
ｃ　眼球突出　　
ｄ　花環状吻合　　
ｅ　毛細血管瘤"
36_40,36,40,"未熟児網膜症に対する抗VEGF薬硝子体内注射を行う場合，輪部から針の刺入部までの適切な距離（mm）はどれか．
ａ 0～0.5　　
ｂ 1.0～1.5　　
ｃ 2.0～2.5　　
ｄ 3.0～3.5　　
ｅ 4.0～4.5"
36_41,36,41,"未熟児網膜症に対する抗 VEGF 薬硝子体内注射を 3 週前に行い，病勢の沈静化が得られたが，再燃しているのが確認された． 適切な対応はどれか．
ａ　経過観察　　　
ｂ　網膜光凝固　　
ｃ　硝子体手術
ｄ　強膜内陥術　　
ｅ　抗 VEGF 薬硝子体内注射（再投与）"
36_42,36,42,"網膜色素変性に合併した白内障に対する手術後に比較的高頻度に認められる合併症はどれか．2 つ選べ．
ａ　前囊収縮　　　　　　　
ｂ　囊胞様黄斑浮腫　　
ｃ　裂孔原性網膜剝離
ｄ　網膜中心静脈閉塞症　　
ｅ　中心性漿液性脈絡網膜症"
36_43,36,43,"黄斑前膜の自覚症状で多くみられるのはどれか．2 つ選べ．
ａ　物が歪んで見える．　　
ｂ　物が小さく見える．　　
ｃ　物が大きく見える．
ｄ　物が二重に見える．　　
ｅ　物が中心に引き込まれるように見える．"
36_44,36,44,"網膜色素上皮裂孔が生じるのはどれか．
ａ　妊娠高血圧症候群　　　
ｂ　孤立性脈絡膜血管腫
ｃ　滲出型加齢黄斑変性　　
ｄ　急性帯状潜在性網膜外層症（AZOOR）
ｅ　多発性後極部網膜色素上皮症（MPPE）"
36_45,36,45,"副腎皮質ステロイドの合併症はどれか．
ａ　点状脈絡膜内層症（PIC）　　　　　　　　
ｂ　多発消失性白点症候群（MEWDS）
ｃ　急性帯状潜在性網膜外層症（AZOOR）　　
ｄ　多発性後極部網膜色素上皮症（MPPE）
ｅ　急性後部多発性斑状色素上皮症（APMPPE）"
36_46,36,46,"von Hippel-­Lindau 病で正しいのはどれか．2 つ選べ．
ａ　両眼性が多い．　　　　　　　
ｂ　非遺伝性疾患である．
ｃ　裂孔原性網膜剝離を来す．　　
ｄ　神経皮膚症候群の 1 つである．
ｅ　小脳や網膜に血管腫を認める．"
36_47,36,47,"黄斑部毛細血管拡張症で正しいのはどれか．
ａ Type 1 は女性に多い．　　　
ｂ Type 1 は網膜光凝固が第一選択である．
ｃ Type 2 は片眼性が多い．　　
ｄ Type 2 は病初期から網膜膨化がみられる．
ｅ Type 2 は抗 VEGF 薬硝子体内注射が第一選択である．"
36_48,36,48,"病的近視の代表的黄斑合併症でないのはどれか．
ａ　黄斑出血　　
ｂ　網膜剝離　　
ｃ　網膜分離　　
ｄ　脈絡膜新生血管　　
ｅ　網膜色素上皮剝離"
36_49,36,49,"黄斑ジストロフィと診断されるのはどれか．2 つ選べ．
ａ    Stargardt 病　　　　　 
ｂ　萎縮型加齢黄斑変性　　
ｃ　近視性網脈絡膜萎縮
ｄ　黄斑部毛細血管拡張症　　
ｅ    X 連鎖性若年網膜分離症"
36_50,36,50,"組合せで正しいのはどれか．2 つ選べ．
ａ Blau 症候群　　　　　　眼瞼下垂
ｂ Usher 症候群　　　　　 網膜色素変性
ｃ Scheie 症候群　　　　　角膜混濁
ｄ Hurler 症候群　　　　 網膜色素変性
ｅ Marfan 症候群　　　　 円錐角膜"
36_51,36,51,"我が国における内因性細菌性眼内炎の主な起炎菌はどれか．2 つ選べ．
ａ Bacillus spp.　　　　 
ｂ Escherichia coli　　
ｃ Klebsiella pneumoniae
ｄ Staphylococcus aureus　　
ｅ coagulase­negative Staphylococci"
36_52,36,52,"結核に伴う眼所見で誤っているのはどれか．
ａ　強膜炎　　
ｂ　虹彩萎縮　　
ｃ　網膜出血　　
ｄ　軟性白斑　　
ｅ　脈絡膜結節"
36_53,36,53,"梅毒性ぶどう膜炎で誤っているのはどれか．
ａ　視神経炎を来す．　　　
ｂ　網膜血管炎を来す．
ｃ　近年増加傾向にある． 
ｄ　後極部円板状滲出斑を来す．
ｅ　トレポネーマ抗体検査には生物学的偽陽性がある．"
36_54,36,54,"Marfan 症候群の特徴で正しいのはどれか．2 つ選べ．
ａ　近視　　
ｂ　口蓋裂　　
ｃ　角膜肥厚　　
ｄ　高次収差増加　　
ｅ　常染色体潜性遺伝（劣性遺伝）"
36_55,36,55,"ミトコンドリア遺伝子異常はどれか．2 つ選べ．
ａ Stickler 症候群　　　　　 
ｂ Leber 遺伝性視神経症　　
ｃ　慢性進行性外眼筋麻痺
ｄ　顆粒状角膜ジストロフィ　　
ｅ Bloch­Sulzberger 症候群"
36_56,36,56,"乱視を軽減する方法で正しいのはどれか．
ａ　倒乱視の角膜の白内障手術を上方切開で行った．
ｂ　全層角膜移植後，直乱視の強い角膜に 12 時方向の縫合を加えた．
ｃ　深部層状角膜移植（DALK）術後の倒乱視に白内障手術を上方切開で行った．
ｄ　側方切開の角膜内皮移植術後に直乱視が強かったので主創口の抜糸をした．
ｅ　単結紮による全層角膜移植後に倒乱視が強かったので水平方向の抜糸をした．"
36_57,36,57,"調節ラグが小さくなるのはどれか．
ａ　老視　　
ｂ　近見内斜位　　
ｃ　矯正視力不良　　
ｄ　近視過矯正眼鏡　　
ｅ　累進屈折力眼鏡"
36_58,36,58,"`1.00 D の乱視を完全矯正する円柱レンズの軸を 30°シフトさせたとき，残余乱視の度数（Ｄ）はどれか．
ａ 0.25　　
ｂ 0.33　　
ｃ 0.50　　
ｄ 0.67　　
ｅ 1.00"
36_59,36,59,"検査距離 50 cm で，患者の眼前 12 mm に板付きレンズをかざし，検影法を行った．
＋5.00 D のレンズで中和した場合，患者の屈折値（Ｄ）はどれか．
ａ ＋3.00　　
ｂ ＋4.00　　
ｃ ＋5.00　　
ｄ ＋6.00　　
ｅ ＋7.00"
36_60,36,60,"オルソケラトロジーの禁忌はどれか．
ａ　高血圧　　　　　　　　　　
ｂ　未成年者　　
ｃ　近視度数－3.00 D
ｄ　暗所瞳孔径が大きな患者　　
ｅ　角膜知覚の低下している患者"
36_61,36,61,"`＋3.00 D の遠視で調節力が 2.00 D であった．＋5.00 D の近用眼鏡を装用した場合の遠点と近点はどれか．
ａ　遠点 33 cm　近点 20 cm 
ｂ　遠点 50 cm　近点 25 cm　　
ｃ　遠点 50 cm　近点 33 cm
ｄ　遠点 100 cm　近点 25 cm　　
ｅ　遠点 100 cm　近点 33 cm"
36_62,36,62,"自覚的回旋斜視角の測定法はどれか．2 つ選べ．
ａ　眼底写真　　　　　　　　
ｂ　大型弱視鏡　　
ｃ Hess 赤緑試験
ｄ　交代プリズム遮閉試験　　
ｅ Maddox double rods 試験"
36_63,36,63,"最も日常視に近い網膜対応視検査はどれか．
ａ　残像検査　　　　　　　　
ｂ　大型弱視鏡　　
ｃ    Worth4 灯検査
ｄ　位相差ハプロスコープ　　
ｅ    Bagolini 線条レンズ検査"
36_64,36,64,"小児への 1％シクロペントラート塩酸塩点眼の最も頻度が高い副作用はどれか．
ａ　発熱　　
ｂ　眠気　　
ｃ　心悸亢進　　
ｄ　顔面紅潮　　
ｅ　嘔気・嘔吐"
36_65,36,65,"右眼の上斜筋麻痺の患者でみられるのはどれか．
ａ　右眼の下斜視　　　　　　　 
ｂ　右眼の内方回旋　　
ｃ　右側への頭部傾斜
ｄ　左方視時で左眼の up­shoot　　
ｅ　左下方視で左眼下直筋の過動"
36_66,36,66,"滑車神経麻痺で正しいのはどれか．
ａ　回旋複視は生じない．　　　　
ｂ　上斜筋麻痺と同義である．
ｃ　病変の同側にのみ生じる．　　
ｄ　原因のほとんどは脳圧亢進である．
ｅ　相対的瞳孔求心路障害を伴えば中脳背側病変を疑う．"
36_67,36,67,"近視性不同視弱視で誤っているのはどれか．
ａ　潜伏眼振を伴う．　　　　　　　
ｂ　眼軸長に左右差を認める．
ｃ　治療にアイパッチを用いる．　　
ｄ　遠視性不同視弱視より予後が悪い．
ｅ　完全矯正眼鏡装用にて僚眼と比較して物体は小さく見える．"
36_68,36,68,"鼻梁の発達が不十分な小児の眼鏡処方で選択するテンプル・モダンの形状はどれか．2 つ選べ．
ａ　長手　　
ｂ　半かけ　　
ｃ　ショート　　
ｄ 2 段曲がり　　
ｅ　巻きつる式"
36_69,36,69,"感覚性外斜視の定量に有用な検査方法はどれか．
ａ    Maddox 杆法　　　　　 
ｂ　交代プリズム遮閉試験　　
ｃ　単眼プリズム遮閉試験
ｄ　同時プリズム遮閉試験　　
ｅ    Krimsky プリズム試験"
36_70,36,70,"パネル D­15 テストで正しいのはどれか．
ａ　後天色覚異常の検査に用いる．　　
ｂ　色覚異常の有無を判定できる．
ｃ　色覚異常の型判定はできない．　　
ｄ　検査結果は pass か fail で判定する．
ｅ　色覚異常の程度を軽度と中等度以上に分ける．"
36_71,36,71,"常染色体優性視神経萎縮で正しいのはどれか．
ａ　指定難病である．　　　　　　　
ｂ　難聴を合併する．　　
ｃ OPA1 遺伝子異常を認める．
ｄ　後天赤緑色覚異常を呈する．　　
ｅ　視神経乳頭周囲毛細血管拡張を伴う．"
36_72,36,72,"抗アクアポリン 4 抗体陽性視神経炎の再発予防に用いるのはどれか．
ａ　血漿交換　　　　　　　
ｂ　サトラリズマブ　　
ｃ　免疫グロブリン
ｄ　インターフェロンβ　　
ｅ　メチルプレドニゾロン"
36_73,36,73,"上方注視麻痺で正しいのはどれか．
ａ Bell 現象が陽性である．　　　　
ｂ　眼瞼下垂を伴うことが多い．
ｃ　人形の目現象が陰性である．　　
ｄ　片側の riMLF 障害では起きない．
ｅ　複視の幅が上方視，下方視で変わらない．"
36_74,36,74,"先天眼振で誤っているのはどれか．
ａ　輻湊にて減弱する．　　
ｂ　錯倒現象を認める．　　
ｃ　注視にて増強する．
ｄ　動揺視を自覚する．　　
ｅ Alexander の法則に従う．"
36_75,36,75,"42 歳の女性．右眼が発作的に揺れて見えるとのことで来院した．眼瞼には形態的異常はみられない．診断はどれか．
ａ　潜伏眼振　　
ｂ　眼瞼けいれん　　
ｃ　調節けいれん　　
ｄ　眼瞼ミオキミア　　
ｅ　上斜筋ミオキミア"
36_76,36,76,"隅角鏡検査所見で角膜側からの順番で正しいのはどれか．
ａ Schwalbe 線，色素帯，強膜岬，毛様体帯　　
ｂ Schwalbe 線，強膜岬，色素帯，毛様体帯
ｃ Schwalbe 線，色素帯，毛様体帯，強膜岬　　
ｄ　強膜岬，Schwalbe 線，色素帯，毛様体帯
ｅ　色素帯，強膜岬，Schwalbe 線，毛様体帯"
36_77,36,77,"Humphrey 自動視野計による視野検査で正しいのはどれか．
ａ　パターン標準偏差は後期緑内障で上昇する．
ｂ　エスターマンテストは下方に検査点が多い．
ｃ　中心 10­2 テストは，測定点が 1 度間隔で配置されている．
ｄ    SITA Fast プログラムでは視標輝度を 4 dB ずつ変化させる．
ｅ　後期緑内障の進行判定には自動静的視野計よりも OCT が有用である．"
36_78,36,78,"緑内障の進行に関係する危険因子はどれか．2 つ選べ．
ａ　乳頭出血　　　　　　　　
ｂ　低い眼灌流圧　　
ｃ　中心角膜厚の肥厚
ｄ　高い角膜ヒステレシス　　
ｅ　大きな乳頭周囲脈絡網膜萎縮のγ域"
36_79,36,79,"原発閉塞隅角緑内障と前駆病変で誤っているのはどれか．
ａ　治療の第一選択は薬物治療である．
ｂ　相対的瞳孔ブロックが成因に関与していることが多い．
ｃ　器質的隅角閉塞の診断には動的隅角鏡検査が必要である．
ｄ　急性原発閉塞隅角症では，頭痛，眼痛，嘔気などがみられる．
ｅ　急性原発閉塞隅角症対側の狭隅角眼は予防的治療の適応である．"
36_80,36,80,"緑内障の薬物治療で正しいのはどれか．
ａ　配合点眼薬使用によりアドヒアランスの悪化が生じる．
ｂ　後期緑内障に対しては神経保護治療が第一選択である．
ｃ　点眼後は速やかな吸収を促進するため瞬目を推奨する．
ｄ　後期緑内障では OCT による進行判定に基づき薬物の増減を判断する．
ｅ　ベースラインデータと危険因子を勘案して症例ごとに目標眼圧を設定する．"
36_81,36,81,"眼圧下降点眼薬のうち第一選択薬として使用できるのはどれか．2 つ選べ．
ａ　ドルゾラミド塩酸塩　　　　
ｂ　ブリモニジン酒石酸塩　　
ｃ　カルテオロール塩酸塩
ｄ　リパスジル塩酸塩水和物　　
ｅ　オミデネパグ・イソプロピル"
36_82,36,82,"配合点眼薬を用いて 2 本にまとめて処方できるのはどれか．
ａ　ブリモニジン酒石酸塩，ドルゾラミド塩酸塩，ビマトプロスト
ｂ　タフルプロスト，カルテオロール塩酸塩，ブリモニジン酒石酸塩
ｃ　オミデネパグ・イソプロピル，リパスジル塩酸塩水和物，ブリンゾラミド
ｄ チモロールマレイン酸塩，ブリモニジン酒石酸塩，ドルゾラミド塩酸塩，ラタノプロスト
ｅ リパスジル塩酸塩水和物，チモロールマレイン酸塩，ブリモニジン酒石酸塩，ラタノプロスト"
36_83,36,83,"Schlemm 管より後方に房水流出抵抗の主座がある続発緑内障の原因疾患はどれか．2 つ選べ．
ａ　ステロイド緑内障　　 
ｂ　海綿静脈洞血栓症　　
ｃ　プラトー虹彩症候群
ｄ    Sturge­-Weber 症候群　　
ｅ　虹彩角膜内皮（ICE）症候群"
36_84,36,84,"レーザー線維柱帯形成術直後に生じる合併症はどれか．2 つ選べ．
ａ　虹彩炎　　
ｂ　白内障　　
ｃ　眼圧上昇　　
ｄ　角膜内皮障害　　
ｅ　周辺虹彩前癒着"
36_85,36,85,"線維柱帯切除術後のレーザー切糸術による合併症はどれか．2 つ選べ．
ａ　結膜穿孔　　
ｂ　眼圧上昇　　
ｃ　前房出血　　
ｄ　脈絡膜剝離　　
ｅ　角膜内皮障害"
36_86,36,86,"眼外傷にみられる所見の中で早期手術が必要なのはどれか．2 つ選べ．
ａ　黄斑円孔　　
ｂ　虹彩脱出　　
ｃ　鋸状縁断裂　　
ｄ　脈絡膜破裂　　
ｅ　毛様体解離"
36_87,36,87,"外傷性散瞳で正しいのはどれか．
ａ　周辺虹彩切除術で生じる．　　　
ｂ　房水主流出路障害が生じる．
ｃ　間接対光反射は陰性である．　　
ｄ　瞳孔散大筋の緊張が原因である．
ｅ　ピロカルピン塩酸塩点眼によって縮瞳する．"
36_88,36,88,"治療用コンタクトレンズが有効な疾患はどれか．2 つ選べ．
ａ　角膜穿孔　　　　　　　
ｂ　角膜内皮炎　　
ｃ　再発性角膜びらん
ｄ　円錐角膜の急性水腫　　
ｅ　アカントアメーバ角膜炎"
36_89,36,89,"`－9.00 Dのコンタクトレンズで完全矯正されているとき，眼鏡での完全矯正に変更する場合の球面度数（D）はどれか．
ａ －8.00　　
ｂ －9.00　　
ｃ －9.50　　
ｄ －10.00　　
ｅ －11.00"
36_90,36,90,"主要な眼障害としてぶどう膜炎が生じる抗がん剤はどれか．
ａ　シタラビン（キロサイド ®）　　　　
ｂ　ニボルマブ（オプジーボ ®）　　
ｃ　ゲフィチニブ（イレッサ ®）
ｄ　パクリタキセル（タキソール ®）　　
ｅ　タモキシフェンクエン酸塩（ノルバデックス ®）"
36_91,36,91,"結膜囊常在菌はどれか．2 つ選べ．
ａ　緑膿菌　　
ｂ　肺炎球菌　　
ｃ　表皮ブドウ球菌　　
ｄ　インフルエンザ菌　　
ｅ　コリネバクテリウム"
36_92,36,92,"白内障術後遅発性眼内炎の起炎菌で最も多いのはどれか．
ａ Streptococcus spp.　　　 
ｂ Cutibacterium acnes　　
ｃ Enterococcus faecalis
ｄ Staphylococcus aureus　　
ｅ coagulase­negative Staphylococci"
36_93,36,93,"PA・ヨード点眼・洗眼液で正しいのはどれか．
ａ　希釈後は常温で保存する．　　　　　
ｂ　眼瞼皮膚の殺菌には無効である．
ｃ　角膜上皮ヘルペスに有効である．　　
ｄ　適所であれば 7 日以上の保存が可能である．
ｅ　オキシグルタチオン溶液で希釈して使用する．"
36_94,36,94,"羊膜移植術の適応とならない疾患はどれか．
ａ　角膜穿孔　　
ｂ　再発翼状片　　
ｃ　眼類天疱瘡　　
ｄ　水疱性角膜症　　
ｅ　細菌性角膜潰瘍"
36_95,36,95,"疾患と術式の組合せで誤っているのはどれか．
ａ　眼瞼下垂　　　　　　挙筋短縮術
ｂ　眼瞼内反症　　　　　Jones 法
ｃ　甲状腺眼症　　　　　眼窩減圧術
ｄ　眼瞼外反症　　　　　眼輪筋短縮術
ｅ　鼻涙管閉塞　　　　　涙囊鼻腔吻合術"
36_96,36,96,"正常角膜におけるスペキュラマイクロスコピーの測定結果はどれか．
ａ　滴状角膜の存在　　　　　 
ｂ　変動係数（CV）：0.3　　
ｃ　平均細胞面積：600μm2
ｄ　六角形細胞出現率：30％ 　　
ｅ　角膜内皮細胞密度（CD）：500/mm2"
36_97,36,97,"緑内障と治療の組合せで正しいのはどれか．
ａ　初期の落屑緑内障　　　　　　　　　　　　　　低侵襲緑内障手術による流出路再建術
ｂ　初期の原発開放隅角緑内障　　　　　　　　　　毛様体破壊術
ｃ　隅角結節を伴うぶどう膜炎続発緑内障　　　　　線維柱帯切開術
ｄ　プラトー虹彩に伴う原発閉塞隅角緑内障　　　　周辺虹彩切除術
ｅ　周辺虹彩前癒着を伴うぶどう膜炎続発緑内障　　隅角癒着解離術"
36_98,36,98,"線維柱帯切開術（眼内法）の術後合併症で頻度が高いのはどれか．2 つ選べ．
ａ　浅前房　　
ｂ　前房出血　　
ｃ　脈絡膜剝離　　
ｄ　角膜内皮障害　　
ｅ　一過性眼圧上昇"
36_99,36,99,"液体パーフルオロカーボンで浮上させられないのはどれか．
ａ　水晶体　　　　　　　　　
ｂ　ガラス　　
ｃ　アクリル眼内レンズ
ｄ　シリコーン眼内レンズ　　
ｅ　ポリメチルメタクリレート眼内レンズ"
36_100,36,100,"網膜に対して毒性がある薬剤はどれか．2 つ選べ．
ａ　ブリリアントブルー G　　　　　
ｂ　インドシアニングリーン　　
ｃ　フルオレセインナトリウム
ｄ　トリアムシノロンアセトニド　　
ｅ　組織プラスミノーゲンアクチベーター"
35_1,35,1,"中心窩に存在するのはどれか．3 つ選べ． 
ａ　視細胞　　
ｂ　内顆粒層　　
ｃ　外顆粒層　　
ｄ　外網状層　　
ｅ　神経節細胞層 "
35_2,35,2,"神経堤に由来する組織はどれか． 
ａ　水晶体　　
ｂ　脈絡膜　　
ｃ　視神経　　
ｄ　神経網膜　　
ｅ　網膜色素上皮 "
35_3,35,3,"眼運動神経核で正しいのはどれか．2 つ選べ． 
ａ　外転神経核は橋にある． 
ｂ　滑車神経核は対側の上斜筋を支配する． 
ｃ　動眼神経下直筋副核は対側の下直筋を支配する． 
ｄ　傍正中橋網様体（PPRF）は対側の外転神経核に信号を送る． 
ｅ　内側縦束（MLF）は外転神経核と同側の動眼神経核をつなぐ経路である． "
35_4,35,4,"隅角所見で正しいのはどれか． 
ａ   隅角血管は異常所見である． 
ｂ   強膜岬は角膜の Descemet 膜の終端である． 
ｃ    Sampaolesi 線は落屑緑内障で特徴的である． 
ｄ    Schwalbe 線は Schlemm 管への房水流出経路である． 
ｅ    ステロイド緑内障では周辺虹彩前癒着が特徴的である． "
35_5,35,5,"錐体細胞と杆体細胞の細胞数の比で正しいのはどれか． 
ａ 1：2　　
ｂ 1：5　　
ｃ 1：10　　
ｄ 1：20　　
ｅ 1：40 "
35_6,35,6,"スペキュラマイクロスコピーにおける CV 値はどれか． 
ａ　細胞密度　　　　　　
ｂ　平均細胞面積　　
ｃ　細胞の大小不同 
ｄ　六角形細胞出現率　　
ｅ　細胞面積の標準偏差 "
35_7,35,7,"外眼筋と前眼部血管の解剖で正しいのはどれか． 
ａ　短後毛様動脈は虹彩に分布する．　　　　　　　
ｂ　下斜筋起始部は総腱輪ではない． 
ｃ　上斜筋は上直筋の下を通って鼻側に向かう．　　
ｄ　上直筋付着部は鼻側より耳側が角膜輪部に近い． 
ｅ　前毛様動脈は直筋の中を各 2 本ずつ通っている． "
35_8,35,8,"Goldmann 圧平眼圧計で正しいのはどれか． 
ａ　涙液量が多いと眼圧は低めに測定される． 
ｂ　中心角膜厚が薄いと眼圧は低めに測定される． 
ｃ　角膜曲率半径が小さいと眼圧は低めに測定される． 
ｄ　フルオレセイン量が少ないと眼圧は高めに測定される． 
ｅ　角膜乱視が強い眼では圧平プリズムの 0 度を白線に合わせる． "
35_9,35,9,"眼内液中のサイトカインを用いた検査が最も有用な疾患はどれか． 
ａ　眼内リンパ腫　　　　
ｂ　急性網膜壊死　　
ｃ　真菌性眼内炎　　 
ｄ　サルコイドーシス　　
ｅ　眼トキソプラズマ症 "
35_10,35,10,"多発血管炎性肉芽腫症の眼合併症はどれか．2 つ選べ． 
ａ　強膜炎　　
ｂ　緑内障　　
ｃ　網膜炎　　
ｄ　白内障　　
ｅ　角膜潰瘍 "
35_11,35,11,"自動視野計で誤っているのはどれか． 
ａ　視野の閾値は年齢とともに上昇する． 
ｂ　標準の視標サイズとして Goldmann サイズⅢが用いられる． 
ｃ　各測定点の dB 値は最高視標輝度を基準とした対数表現である． 
ｄ　エスターマンテストは，10 dB の単一輝度による閾上刺激である． 
ｅ　プログラム 30­2 は 3 度間隔，10­2 は 1 度間隔で検査視標が配置されている． "
35_12,35,12,"眼底自発蛍光の所見で誤っているのはどれか． 
ａ　網膜主幹血管部は低蛍光となる． 
ｂ　正常者では黄斑部は低蛍光となる． 
ｃ　過蛍光は網膜色素上皮細胞の機能低下を示唆する． 
ｄ　視細胞の機能が低下した部分では強い過蛍光を生じる． 
ｅ　自発蛍光は主に網膜色素上皮細胞内のリポフスチンに由来する． "
35_13,35,13,"検影法で誤っているのはどれか． 
ａ　乱視軸および乱視度数を決定することができる． 
ｂ　反射光が同行する場合は前置レンズの＋度数を強める． 
ｃ　被験眼とスキアスコープとの検査距離を一定にすることが正確な検査の基本である． ｄ　検査者の屈折異常が検査結果に影響するため，検査者は完全矯正である必要がある． ｅ　裸眼で中和している場合，検査距離が 50 cm であれば被験眼の屈折度数は－2.00 D である． "
35_14,35,14,"学校伝染病のうち，第三種感染症はどれか． 
ａ　水痘　　
ｂ　麻疹　　
ｃ　咽頭結膜熱　　
ｄ　インフルエンザ　　
ｅ　流行性角結膜炎 "
35_15,35,15,"空気感染する疾患はどれか．2 つ選べ． 
ａ　結核　　
ｂ　水痘　　
ｃ　咽頭結膜熱　　
ｄ　インフルエンザ　　
ｅ　新型コロナウイルス感染症"
35_16,35,16,"医療機関のウェブ広告の内容で許容されるのはどれか． 
ａ    ○○学会認定○○専門医を取得しています． 
ｂ　当院の○○手術の患者満足度は 97.5％です． 
ｃ　有名人の○○さんも当院で治療を受けました． 
ｄ　当院は○○手術において全国トップクラスの実績を有しています． 
ｅ　厚生労働省の医療広告ガイドラインに基づき，認定証を取得しています． "
35_17,35,17,"VDT 作業者の配置前健康診断に含まれない検査はどれか． 
ａ　眼位　　
ｂ　眼底　　
ｃ　屈折　　
ｄ　視力　　
ｅ　調節機能 "
35_18,35,18,"世界の失明・視覚障害問題で正しいのはどれか． 
ａ　視覚障害は男性に多い．　　　　　　
ｂ　今後減少が見込まれている．　　 
ｃ　失明の最大原因は緑内障である．　　
ｄ　予防や治療が困難な疾患によるものが多い．　　 
ｅ　視覚障害の最大原因は未矯正の屈折異常である． "
35_19,35,19,"指定難病でない疾患はどれか． 
ａ　無虹彩症　　　　　　　　　
ｂ　網膜色素変性　　
ｃ　黄斑ジストロフィ　　 
ｄ　顆粒状角膜ジストロフィ　　
ｅ    Leber 遺伝性視神経症 "
35_20,35,20,"身体障害者診断書・意見書で正しいのはどれか．2 つ選べ． 
ａ　等級判定に左右各眼の矯正視力の和を用いる． 
ｂ　視野検査に自動視野計を用いることはできない． 
ｃ    I/4 指標による中心部と連続しない周辺部の視野は無視できる． 
ｄ    Goldmann 視野検査の中心 30 度内は矯正レンズを装用せずに測定する． 
ｅ　視力障害と視野障害の両方に該当する場合は合計指数によって等級を認定する． "
35_21,35,21,"甲状腺眼症で誤っているのはどれか． 
ａ　禁煙を勧める．　　　　　　　　　　　　
ｂ　視神経症を生じる． 
ｃ　甲状腺ホルモンが低値でも発症する．　　
ｄ　外眼筋の収縮障害のため複視を生じる．　　 
ｅ　副腎皮質ステロイドが治療に用いられる． "
35_22,35,22,"転移が最もまれな眼瞼腫瘍はどれか． 
ａ　脂腺癌　　
ｂ　悪性黒色腫　　
ｃ　基底細胞癌　　
ｄ　扁平上皮癌　　
ｅ    Merkel 細胞癌 "
35_23,35,23,"アレルギー性結膜疾患で正しいのはどれか． 
ａ　春季カタルでは遷延性角膜上皮欠損を生じる． 
ｂ　季節性アレルギー性結膜炎は高齢者に好発する． 
ｃ　涙液中総 IgE 測定により，原因抗原を特定することが可能である． 
ｄ　免疫抑制点眼薬は眼圧上昇を起こすことがあるため，注意を要する． 
ｅ　季節性アレルギー性結膜炎はⅣ型アレルギー反応を主体とした炎症反応である．"
35_24,35,24,"季節性アレルギー性結膜炎の治療薬で正しいのはどれか．2 つ選べ． 
ａ　シクロスポリン点眼薬　　　　
ｂ　フルオロメトロン点眼薬　　
ｃ　オロパタジン塩酸塩点眼薬 
ｄ　タクロリムス水和物点眼薬　　
ｅ　セフメノキシム塩酸塩点眼薬 "
35_25,35,25,"上輪部角結膜炎（superior limbic keratoconjunctivitis：SLK）の病態に関連しない所見はどれか． 
ａ　眼脂　　
ｂ　涙液減少　　
ｃ　結膜弛緩　　
ｄ　眼球突出　　
ｅ　強い上眼瞼圧 "
35_26,35,26,"角膜浮腫を生じないのはどれか． 
ａ　低眼圧　　　　　　　　　　
ｂ　緑内障発作　　
ｃ　感染性眼内炎 
ｄ　顆粒状角膜ジストロフィ　　
ｅ    Fuchs 角膜内皮ジストロフィ "
35_27,35,27,"角膜内にアミロイドが沈着する角膜ジストロフィはどれか．2 つ選べ． 
ａ　斑状角膜ジストロフィ　　　　　
ｂ　膠様滴状角膜ジストロフィ 
ｃ　顆粒状角膜ジストロフィⅠ型　　
ｄ　格子状角膜ジストロフィⅠ型 
ｅ    Meesmann 角膜ジストロフィ "
35_28,35,28,"角膜上皮ステムセル疲弊の要因となるのはどれか．2 つ選べ． 
ａ　翼状片　　
ｂ　化学外傷　　
ｃ　放射線角膜炎　　
ｄ    Sjögren 症候群　　
ｅ　角膜上皮基底膜ジストロフィ "
35_29,35,29,"角膜後面コインリージョンを生じるのはどれか． 
ａ　麻疹ウイルス　　　　　　
ｂ　アデノウイルス　　
ｃ　単純ヘルペスウイルス 
ｄ　水痘帯状疱疹ウイルス　　
ｅ　サイトメガロウイルス "
35_30,35,30,"Meibom 腺あるいは眼瞼縁の炎症と関連する疾患はどれか．2 つ選べ． 
ａ　糸状角膜炎　　　　　
ｂ    Mooren 角膜潰瘍　　
ｃ　フリクテン角膜炎 
ｄ　カタル性角膜潰瘍　　
ｅ    Thygeson 点状表層角膜炎 "
35_31,35,31,"薬剤性角膜上皮障害の所見として認められるのはどれか． 
ａ epithelial crack line　　　　
ｂ filamentary keratitis 
ｃ lid­wiper epitheliopathy　　
ｄ beaten­metal appearance 
ｅ superior limbic keratoconjunctivitis "
35_32,35,32,"青色強膜を合併しないのはどれか． 
ａ Turner 症候群　　　　 
ｂ Ehlers­Danlos 症候群　　
ｃ van der Hoeve 症候群 
ｄ Axenfeld­Rieger 症候群　　
ｅ Bloch­Sulzberger 症候群 "
35_33,35,33,"70 歳の女性．最近，老眼鏡が要らなくなったと喜んでいる．視力低下の自覚はなく，眼科手術，外傷の既往はない． 生じている変化はどれか． 
ａ　調節力の回復　　　
ｂ　眼軸長の延長　　
ｃ　核白内障の進行　　 
ｄ　水晶体の菲薄化　　
ｅ　角膜屈折力の増加 "
35_34,35,34,"水晶体偏位を来すのはどれか．2 つ選べ． 
ａ Alport 症候群　　 
ｂ Marfan 症候群　　
ｃ Stickler 症候群　　 
ｄ Werner 症候群　　
ｅ Ehlers­Danlos 症候群 "
35_35,35,35,"網膜血管線条を合併する疾患はどれか． 
ａ Behçet 病　　　　　　　 
ｂ 線状皮膚萎縮症　　
ｃ Weber­Christian 病 
ｄ 弾性線維性仮性黄色腫　　
ｅ Klippel­Trénaunay­Weber 症候群 "
35_36,35,36,"全視野 ERG で異常所見を呈するのはどれか． 
ａ Stargardt 病　　　　　　　 
ｂ 先天網膜分離症　
ｃ 卵黄状黄斑ジストロフィ 
ｄ オカルト黄斑ジストロフィ　　
ｅ 中心性輪紋状脈絡膜ジストロフィ "
35_37,35,37,"糖尿病網膜症の眼底所見はどれか．3 つ選べ． 
ａ　輪状網膜症　　
ｂ　地図状萎縮　　
ｃ　網膜細動脈瘤　　
ｄ　数珠状静脈拡張　　
ｅ　網膜内細小血管異常 "
35_38,35,38,"多発消失性白点症候群（MEWDS）で正しいのはどれか．2 つ選べ． 
ａ 男性に好発する．　　　　　　　　　
ｂ 20～50 歳に多い． 
ｃ 副腎皮質ステロイドが著効する．　　
ｄ 眼底自発蛍光検査では病変部が低蛍光となる． 
ｅ OCT では病変部の ellipsoid zone の欠損がみられる． "
35_39,35,39,"後部硝子体が未剝離であることが多いのはどれか．2 つ選べ． 
ａ　黄斑上膜　　　　　　　　　　　　　　
ｂ　星状硝子体症　　
ｃ　強度近視に伴う黄斑円孔 
ｄ　増殖糖尿病網膜症に伴う硝子体出血　　
ｅ　高齢者の弁状裂孔を伴った網膜剝離 "
35_40,35,40,"加齢黄斑変性で正しいのはどれか．2 つ選べ． 
ａ　日本では滲出型が多い．　　　　　　　　
ｂ　日本では女性で頻度が高い． 
ｃ　日本の社会的失明原因で最多である．　　
ｄ　前駆病変として軟性ドルーゼンが重要である． 
ｅ　網膜色素上皮のリポフスチンは加齢とともに減少する． "
35_41,35,41,"症状の自然寛解が期待できないのはどれか． 
ａ　特発性黄斑円孔　　　　　　　　　 
ｂ　中心性漿液性脈絡網膜症　　
ｃ　オカルト黄斑ジストロフィ 
ｄ　多発消失性白点症候群（MEWDS）　　
ｅ　急性帯状潜在性網膜外層症（AZOOR）"
35_42,35,42,"遺伝することがある眼内腫瘍はどれか．2 つ選べ． 
ａ　脈絡膜骨腫　　　
ｂ　眼内リンパ腫　　
ｃ　網膜芽細胞腫 
ｄ　網膜血管芽腫　　
ｅ　ぶどう膜悪性黒色腫 "
35_43,35,43,"ERG①a 波，②b 波，③c 波の発生機序で正しい組合せはどれか． 
ａ　①Müller 細胞，②神経節細胞，③視細胞 
ｂ　①双極細胞，②水平細胞，③アマクリン細胞 
ｃ　①視細胞，②双極細胞，③網膜色素上皮細胞 
ｄ　①神経節細胞，②双極細胞，③網膜色素上皮細胞 
ｅ　①網膜色素上皮細胞，②神経節細胞，③Müller 細胞 "
35_44,35,44,"網膜色素変性に比較的高頻度にみられる合併症はどれか．2 つ選べ． 
ａ　黄斑前膜　　
ｂ　黄斑浮腫　　
ｃ　網膜下出血　　
ｄ　網膜静脈閉塞症　　
ｅ　裂孔原性網膜剝離 "
35_45,35,45," Coats 病で正しいのはどれか． 
ａ　女児に多い．　　　　　　　　
ｂ　両眼性が多い．　　
ｃ　家族性にみられる． 
ｄ　治療は網膜光凝固を行う．　　
ｅ　裂孔原性網膜剝離を起こす． "
35_46,35,46,"未熟児網膜症の治療の適応とならないのはどれか． 
ａ ZoneⅠ stage 1 with plus disease　　
ｂ ZoneⅠ stage 3 without plus disease 
ｃ ZoneⅡ stage 2 with plus disease　　
ｄ ZoneⅡ stage 3 with plus disease 
ｅ ZoneⅢ stage 2 without plus disease "
35_47,35,47,"Behçet 病で正しいのはどれか．2 つ選べ． 
ａ　近年，症例数は増加傾向にある． 
ｂ　最も頻度の高い症状は口腔内のアフタ性潰瘍である． 
ｃ　炎症寛解期も副腎皮質ステロイドの点眼は継続する． 
ｄ　診断が確定次第，TNF­α阻害薬による治療を開始する． 
ｅ　眼内炎症の活動性評価にフルオレセイン蛍光眼底造影検査は有用である． "
35_48,35,48,"Posner­Schlossman 症候群で正しいのはどれか． 
ａ　視野障害を生じることが多い．　　
ｂ　硝子体混濁を伴うことが多い． 
ｃ　通常，虹彩後癒着は生じない．　　
ｄ　高眼圧に対する薬物療法の効果は乏しい． 
ｅ　寛解期における患眼の眼圧は健眼より高いことが多い． "
35_49,35,49,"ぶどう膜炎を来す疾患はどれか．2 つ選べ． 
ａ　炎症性腸疾患　　　　
ｂ    IgG4 関連疾患　　
ｃ　自己免疫性肝炎 
ｄ　尿細管間質性腎炎　　
ｅ　自己免疫性溶血性貧血 "
35_50,35,50,"内因性真菌性眼内炎の原因病原体で頻度の高いのはどれか．2 つ選べ． 
ａ　カンジダ　　　　　　
ｂ　フサリウム　　
ｃ　アスペルギルス 
ｄ　クリプトコッカス　　
ｅ　ニューモシスチス・カリニ "
35_51,35,51,"Vogt­小柳­原田病で誤っているのはどれか． 
ａ　発症に好中球が関与する．　　　
ｂ　急性期に前房が浅くなる． 
ｃ　急性期に脈絡膜が厚くなる．　　
ｄ　慢性期に脈絡膜が薄くなる． 
ｅ　慢性期に脈絡膜新生血管を生じる． "
35_52,35,52,"サルコイドーシスによるぶどう膜炎に対して保険適用のある薬剤はどれか．2 つ選べ． 
ａ　アダリムマブ　　　　
ｂ　シクロスポリン　　
ｃ　インフリキシマブ 
ｄ　メトトレキサート　　
ｅ　タクロリムス水和物 "
35_53,35,53,"IgG4 関連眼疾患で正しいのはどれか． 
ａ　再発はまれである．　　　　　　　　　　　
ｂ　涙腺の腫大は片側のことが多い． 
ｃ　耳前リンパ節の腫脹を伴うことが多い．　　
ｄ　病理組織学的に類上皮細胞がみられる． 
ｅ　画像検査で悪性リンパ腫との鑑別は困難である． "
35_54,35,54,"黄斑病変を生じる薬剤はどれか．2 つ選べ． 
ａ　フェノチアジン　　　　　　　
ｂ　アミオダロン塩酸塩　　
ｃ　エタンブトール塩酸塩 
ｄ　タモキシフェンクエン酸塩　　
ｅ　ヒドロキシクロロキン硫酸塩 "
35_55,35,55,"動的検影法（他覚的調節検査）で用いるのはどれか．2 つ選べ． 
ａ　調節視標　　
ｂ　前置レンズ　　
ｃ　線条検影器　　
ｄ　プリズムバー　　
ｅ　クロスシリンダー "
35_56,35,56,"調節力が 1.50 D で正視の患者が＋2.50 D の近用眼鏡を装用するときの調節域の幅はどれか． 
ａ 10 cm　　
ｂ 15 cm　　
ｃ 20 cm　　
ｄ 25 cm　　
ｅ 30 cm "
35_57,35,57,"屈折矯正手術のガイドライン（第 7 版）で誤っているのはどれか． 
ａ　適応は 15 歳以上とする． 
ｂ　妊娠中または授乳中の女性は禁忌である． 
ｃ　ドライアイ患者には慎重に実施しなければならない． 
ｄ　エキシマレーザー手術による近視矯正では，原則として矯正量の限度を 6 D とする． ｅ　有水晶体眼内レンズ手術による近視矯正では，原則として術後 6 か月まで経過観察を行う．"
35_58,35,58,"乳児の片眼性の先天白内障の手術後の視力予後を左右する要因で誤っているのはどれか． 
ａ　手術の時期　　　　　　　　　　
ｂ　後眼部の異常　　
ｃ　白内障の形態と程度 
ｄ　健眼遮閉のコンプライアンス　　
ｅ　コンタクトレンズと眼内レンズの選択 "
35_59,35,59,"生後 3 か月の乳児において異常所見はどれか．2 つ選べ． 
ａ　角膜径 12 mm　　　　　　　　　
ｂ　内斜視 40 プリズム　　 
ｃ　選択視法で両眼とも視力 0.05　　
ｄ　両眼 調節麻痺下屈折値＋4.00 D 
ｅ　両眼 非調節麻痺下屈折値－4.00 D "
35_60,35,60,"弱視で正しいのはどれか． 
ａ　弱視の偏心固視は耳側領域が多い． 
ｂ　斜視弱視の治療に斜視手術が有効である． 
ｃ　高度遠視は形態覚遮断弱視の原因となる． 
ｄ　眼振を伴う小児白内障は視力予後不良である． 
ｅ　両眼性小児白内障による弱視は片眼性より難治である． "
35_61,35,61,"9 方向むき眼位検査で，注視方向によって複像間距離が変わらないのはどれか． 
ａ　開散麻痺　　
ｂ　甲状腺眼症　　
ｃ    Duane 症候群　　
ｄ    Brown 症候群　　
ｅ　眼窩吹き抜け骨折 "
35_62,35,62,"微小斜視弱視で正しいのはどれか． 
ａ　不同視は合併しない．　　　　
ｂ　遮閉法によく反応する．　　
ｃ　おおまかな立体視がある． 
ｄ　交代遮閉試験で診断する．　　
ｅ　弱視眼は中心窩固視である． "
35_63,35,63,"sagging eye 症候群の特徴はどれか．2 つ選べ． 
ａ　男性に多い．　　　　　　
ｂ　下転障害を伴う．　　
ｃ　上眼瞼の凹みを伴う． 
ｄ　遠見で内斜視を来す．　　
ｅ　衝動性眼球運動の速度低下を伴う． "
35_64,35,64,"正しいのはどれか． 
ａ　物体色における 3 原色は赤・緑・青である． 
ｂ　石原式色覚検査表では色覚異常の程度判定はできない． 
ｃ　先天色覚異常に対する検査は原則として片眼ずつ行う． 
ｄ　パネル D­15 テストでは 1 つでも誤りがあれば異常と判断される． 
ｅ　色相配列法が正常であれば，アノマロスコープの結果も正常となる． "
35_65,35,65,"青錐体 1 色覚で正しいのはどれか． 
ａ　男女の発症に差はない．　　　　　　
ｂ　乳児期にみつかることが多い． 
ｃ　網膜色素斑を認めることが多い．　　
ｄ　アノマロスコープが診断に有用である． 
ｅ   ERG の flicker 応答は減弱しないことが多い． "
35_66,35,66,"マイヤーループの視野障害で正しいのはどれか． 
ａ　連合暗点　　　　　　　
ｂ　四重分画盲　　
ｃ　楔型同名半盲 
ｄ　黄斑回避型同名半盲　　
ｅ　上方同名半盲（pie in the sky） "
35_67,35,67,"非動脈炎性虚血性視神経症に合併しやすいのはどれか． 
ａ　顎跛行　　
ｂ　白内障　　
ｃ　脳浮腫　　
ｄ　多発性硬化症　　
ｅ　網膜静脈閉塞症 "
35_68,35,68,"視神経炎でみられない所見はどれか． 
ａ　中心暗点　　
ｂ　色覚異常　　
ｃ　瞳孔不同　　
ｄ　対光反射減弱　　
ｅ　限界フリッカ値低下 "
35_69,35,69,"抗ミエリンオリゴデンドロサイト糖蛋白（MOG）抗体陽性視神経炎の特徴はどれか． ａ　女性に多い．　　　　　　　　　
ｂ　高齢者に多い．　　
ｃ　易再発性である． 
ｄ　眼球運動時痛はまれである．　　
ｅ　副腎皮質ステロイドに抵抗性である． "
35_70,35,70,"視力低下と眼球運動障害を同時に来すのはどれか． 
ａ 内側縦束症候群　　　　
ｂ Parinaud 症候群　　
ｃ 眼窩先端部症候群 
ｄ Tolosa­Hunt 症候群　　
ｅ 偽 Foster Kennedy 症候群 "
35_71,35,71,"重症筋無力症で正しいのはどれか．2 つ選べ． 
ａ　日内変動がある．　　　　　　　
ｂ　抗 GQ1b 抗体が陽性である． 
ｃ　神経筋接合部の障害である．　　
ｄ　眼瞼下垂は眼瞼を温めると挙上する． 
ｅ　眼窩 MRI において外眼筋肥大がある． "
35_72,35,72,"上下複視を来しやすい疾患はどれか．2 つ選べ． 
ａ　開散麻痺　　　　
ｂ　核間麻痺　　
ｃ　甲状腺眼症 
ｄ　滑車神経麻痺　　
ｅ　外転神経麻痺 "
35_73,35,73,"近視眼の緑内障で正しいのはどれか． 
ａ　早期から非常に進行が速い． 
ｂ　耳側乳頭部のリムが最も広い． 
ｃ　緑内障の有病率は非近視眼と有意差はない． 
ｄ　乳頭周囲 OCT による網膜厚検査が発見に有用であることが多い． 
ｅ　乳頭周囲網脈絡膜萎縮β域は近視と緑内障の鑑別に有用であることが多い． "
35_74,35,74,"房水産生抑制作用を有するのはどれか．2 つ選べ． 
ａ　ビマトプロスト　　　　　　
ｂ　ドルゾラミド塩酸塩　　
ｃ　ブリモニジン酒石酸塩 
ｄ　リパスジル塩酸塩水和物　　
ｅ　オミデネパグ・イソプロピル "
35_75,35,75,"交感神経受容体に作用する薬剤はどれか．2 つ選べ． 
ａ　ブリンゾラミド　　　　　　
ｂ　ブリモニジン酒石酸塩　　
ｃ　カルテオロール塩酸塩 
ｄ　リパスジル塩酸塩水和物　　
ｅ　オミデネパグ・イソプロピル "
35_76,35,76,"白内障手術併用眼内ドレーン（iStent®）の適応はどれか． 
ａ　中期の落屑緑内障　　　　　　　　　 
ｂ　初期の原発閉塞隅角緑内障 
ｃ    Sturge­Weber 症候群に伴う緑内障　　
ｄ　副腎皮質ステロイドによる小児緑内障 
ｅ　緑内障点眼開始前の原発開放隅角緑内障 "
35_77,35,77,"緑内障性視神経症で障害を受けるのはどれか． 
ａ　視細胞　　
ｂ　双極細胞　　
ｃ　アマクリン細胞　　
ｄ　網膜神経節細胞　　
ｅ　網膜色素上皮細胞 "
35_78,35,78,"原発小児緑内障の特徴でないのはどれか． 
ａ　高眼圧　　
ｂ　小角膜　　
ｃ    Haab 線　　
ｄ　長眼軸長　　
ｅ　隅角発生異常 "
35_79,35,79,"開放隅角緑内障進行の危険因子でないのはどれか． 
ａ　高眼圧　　
ｂ　高血圧　　
ｃ　乳頭出血　　
ｄ　落屑症候群　　
ｅ　薄い角膜厚 "
35_80,35,80,"角膜内皮障害がある症例に対して注意して使用すべき薬剤はどれか． 
ａ　ドルモロール　　　　　　
ｂ　ニプラジロール　　
ｃ　カルテオロール塩酸塩 
ｄ　レボブノロール塩酸塩　　
ｅ　チモロールマレイン酸塩 "
35_81,35,81,"機能的隅角閉塞と眼圧上昇があるが，周辺虹彩前癒着や緑内障性視神経症を認めない状態はどれか．2 つ選べ． 
ａ　原発閉塞隅角症（primary angle closure：PAC） 
ｂ　原発閉塞隅角病（primary angle closure disease：PACD） 
ｃ　原発開放隅角緑内障（primary open angle glaucoma：POAG） 
ｄ　原発閉塞隅角症疑い（primary angle closure suspect：PACS） 
ｅ　原発閉塞隅角緑内障（primary angle closure glaucoma：PACG） "
35_82,35,82,"鈍的外傷により眼球破裂を生じやすい部位はどれか． 
ａ　上直筋付着部　　　
ｂ　下方角膜輪部　　
ｃ　下方眼球赤道部 
ｄ　視神経乳頭周囲　　
ｅ　鼻側眼球赤道部 "
35_83,35,83,"外傷後の眼圧上昇の原因でないのはどれか． 
ａ　隅角離開　　　　
ｂ　泡沫細胞　　
ｃ　毛様体解離 
ｄ　水晶体亜脱臼　　
ｅ　眼内上皮増殖（epithelial downgrowth） "
35_84,35,84,"ボール（あるいはシャトル）が眼窩吹き抜け骨折の要因となるスポーツはどれか． 
ａ　卓球　　
ｂ　野球　　
ｃ　サッカー　　
ｄ　バドミントン　　
ｅ　バレーボール "
35_85,35,85,"外傷性視神経症で正しいのはどれか．2 つ選べ． 
ａ　眉毛外側部強打による反対側の視神経障害である． 
ｂ　相対的瞳孔求心路障害（RAPD）は陰性である． 
ｃ　受傷直後から視神経乳頭が腫脹する． 
ｄ　副腎皮質ステロイドの大量投与を行う． 
ｅ　視神経管開放術を行う． "
35_86,35,86,"角膜提供で正しいのはどれか．2 つ選べ． 
ａ    90 歳以上は提供できない． 
ｂ　被虐待児からの提供はできない． 
ｃ　提供者の承諾があれば遺族の承諾は必要ない． 
ｄ　親族への優先提供は，自殺事例でも可能である． 
ｅ　梅毒反応陽性であっても提供角膜の使用は可能である．"
35_87,35,87,"光学式眼軸長測定装置の測定範囲はどれか． 
ａ　涙液表面から網膜内境界膜　　
ｂ　涙液表面から網膜色素上皮 
ｃ　角膜表面から網膜内境界膜　　
ｄ　角膜表面から網膜色素上皮 
ｅ　角膜表面から網膜外境界膜 "
35_88,35,88,"レーザーによる後発白内障切開術に使用するのはどれか． 
ａ　ビマトプロスト　　　　　
ｂ　カルテオロール塩酸塩 
ｃ　ブリモニジン酒石酸塩　　
ｄ　アプラクロニジン塩酸塩 
ｅ　オミデネパグ・イソプロピル "
35_89,35,89,"角膜移植後の拒絶反応の危険因子で誤っているのはどれか． 
ａ　再移植眼　　　　　　　 
ｂ　緑内障の既往　　
ｃ　アトピー性皮膚炎 
ｄ    8 mm 径未満の移植片　　
ｅ　ヘルペス角膜炎の既往 "
35_90,35,90,"毛様体神経節ブロックを目的として行われる麻酔はどれか．2 つ選べ． 
ａ　球後麻酔　　
ｂ　瞬目麻酔　　
ｃ　点眼麻酔　　
ｄ　テノン囊下麻酔　　
ｅ　眼輪筋内浸潤麻酔 "
35_91,35,91,"眼科で用いられているレーザーのうち最も波長が短いのはどれか． 
ａ Argon　　
ｂ CO2　　
ｃ Diode　　
ｄ Excimer　　
ｅ Nd：YAG "
35_92,35,92,"疾患と術式の組合せで誤っているのはどれか． 
ａ　眼振　　　　　　　　　　Anderson 法 
ｂ　眼窩腫瘍　　　　　　　　Kroenlein 法 
ｃ　眼瞼下垂　　　　　　　　眼瞼挙筋短縮術 
ｄ　鼻涙管閉塞症　　　　　　涙囊鼻腔吻合術 
ｅ　先天眼瞼下垂　　　　　　眼瞼下制筋前転法（Jones 変法） "
35_93,35,93,"ハイドロダイセクション時に後囊破損を発生しやすいのはどれか．2 つ選べ． 
ａ　浅前房　　　　 
ｂ　核白内障　　
ｃ　後極白内障 
ｄ    Zinn 小帯脆弱　　
ｅ　小さい径の連続円形切囊（CCC） "
35_94,35,94,"翼状片手術で正しいのはどれか． 
ａ　未成年は手術適応にならない． 
ｂ　瞳孔領にかかるまでは手術を控える． 
ｃ　再発防止には術後の消炎が重要である． 
ｄ　翼状片の再発はほとんどが初回手術後 1 年以降に生じる． 
ｅ　同一眼に白内障手術を同時に行った場合は保険算定できない． "
35_95,35,95,"眼振の手術法で誤っているのはどれか． 
ａ 後藤法　　
ｂ Anderson 法　　
ｃ Brown 手術　　
ｄ Faden 手術　　
ｅ Kestenbaum 法 "
35_96,35,96,"正しいのはどれか． 
ａ　毛様体扁平部は鼻側より耳側で前後幅が広い． 
ｂ　高度遠視眼では毛様体扁平部の前後幅は広い． 
ｃ　鋸状縁の位置は 4 つの外直筋の付着部と一致する． 
ｄ　角膜輪部から鋸状縁までの距離は全周ほぼ等しい． 
ｅ　硝子体手術における強膜穿刺部位は年齢，屈折にかかわらず 4 mm とする． "
35_97,35,97,"硝子体手術施行時，硝子体を可視化するために用いるトリアムシノロンアセトニドによって生じる合併症はどれか． 2 つ選べ． 
ａ　角膜混濁　　　　
ｂ　眼圧上昇　　
ｃ　硝子体出血 
ｄ　無菌性眼内炎　　
ｅ　裂孔原性網膜剝離 "
35_98,35,98,"眼内タンポナーデで正しいのはどれか． 
ａ    100％の SF6 の膨張率は約 2 倍である． 
ｂ    SF6 が眼内で膨張しない最大濃度は約 10％である． 
ｃ　シリコーンオイルより液体パーフルオロカーボンの方が比重は低い． 
ｄ　無水晶体眼にシリコーンオイルを用いる際には上方の虹彩切除を行う． 
ｅ　液体パーフルオロカーボンは硝子体手術後，2 か月間は留置しても良い． "
35_99,35,99,"眼球運動障害の原因となる術式はどれか．2 つ選べ． 
ａ　強膜内陥術　　　　　　　　
ｂ　眼外法線維柱帯切開術 
ｃ　眼内レンズ強膜内固定術　　
ｄ　チューブシャント手術（Baerveldt®） 
ｅ　チューブシャント手術（EX­PRESS®） "
35_100,35,100,"角膜内皮障害を最も起こしやすい術式はどれか． 
ａ　隅角癒着解離術　　　　　
ｂ　線維柱帯切開術　　
ｃ　線維柱帯切除術 
ｄ　選択的線維柱帯形成術　　
ｅ　白内障手術併用眼内ドレーン（iStent®）"
34_1,34,1,"房水で正しいのはどれか． 
ａ　睡眠時は産生が低下する．　　　　　　
ｂ　加齢とともに産生が増加する． 
ｃ　血液房水関門は虹彩血管にはない．　　
ｄ　毛様体色素上皮が血液房水関門を形成する． 
ｅ　プロスタグランジン関連薬は産生を低下させる． "
34_2,34,2,"水晶体囊で最も薄い部位はどれか． 
ａ　前囊中央部　　
ｂ　前囊周辺部　　
ｃ　赤道部　　
ｄ　後囊中央部　　
ｅ　後囊周辺部 "
34_3,34,3,"眼の発生過程で正しいのはどれか． 
ａ　視溝　→　眼小窩　→　眼胞　→　眼杯　　
ｂ　視溝　→　眼胞　→　眼小窩　→　眼杯 
ｃ　眼小窩　→　視溝　→　眼胞　→　眼杯　　
ｄ　眼小窩　→　視溝　→　眼杯　→　眼胞 
ｅ　眼小窩　→　眼胞　→　視溝　→　眼杯 "
34_4,34,4,"神経外胚葉から発生するのはどれか．2 つ選べ． 
ａ　外眼筋　　
ｂ　水晶体　　
ｃ　角膜上皮　　
ｄ　感覚網膜　　
ｅ　網膜色素上皮 "
34_5,34,5,"毛様体で誤っているのはどれか． 
ａ　扁平部の幅は約 4 mm である．　　　　
ｂ　ひだ部は大突起と小突起からなる． 
ｃ　輪状筋の弛緩で近見調節が起こる．　　
ｄ　縦走筋の収縮で房水流出率が増大する． 
ｅ　毛様体突起は眼球内側から無色素上皮，色素上皮，実質からなる． "
34_6,34,6,"前眼部の解剖についての組合せで誤っているのはどれか． 
ａ　角膜上皮　　　　　　　長後毛様神経の終末 
ｂ    Berger 腔　　　　　　 虹彩裏面と水晶体前面の間 
ｃ　瞳孔括約筋　　　　　　副交感神経支配 
ｄ    Wieger 靱帯　　　　　 後囊保持 
ｅ　虹彩血管内皮　　　　　血液房水柵 "
34_7,34,7,"角膜実質の厚み（角膜中央部の角膜厚）に対する角膜上皮の厚みの比率はどれか． 
ａ　約 3％ 　　
ｂ　約 5％ 　　
ｃ　約 10％ 　　
ｄ　約 15％ 　　
ｅ　約 20％ "
34_8,34,8,"放射状乳頭周囲毛細血管が分布する網膜の層はどれか． 
ａ　神経線維層　　
ｂ　神経節細胞層　　
ｃ　内網状層　　
ｄ　外顆粒層　　
ｅ　視細胞層 "
34_9,34,9,"対側の動眼神経核から交叉支配を受けるのはどれか． 
ａ　上眼瞼挙筋　　
ｂ　上直筋　　
ｃ　内直筋　　
ｄ　下直筋　　
ｅ　下斜筋 "
34_10,34,10,"第一眼位で上直筋が収縮した場合に生じる眼球運動で正しいのはどれか．2 つ選べ． ａ　下転　　
ｂ　内転　　
ｃ　外転　　
ｄ　内方回旋　　
ｅ　外方回旋 "
34_11,34,11,"フルオレセイン蛍光眼底造影検査で正しいのはどれか． 
ａ　正常成人での腕網膜循環時間は約 5～8 秒である． 
ｂ　アナフィラキシーショックの頻度は数千件に 1 件程度である． 
ｃ　静注されたフルオレセインの約 80％はアルブミンと結合する． 
ｄ    window defect とは血液網膜柵の破綻による過蛍光状態を指す． 
ｅ　グリーン光で励起されたフルオレセインはブルーの蛍光を発する．"
34_12,34,12,"インドシアニングリーン蛍光眼底造影検査で正しいのはどれか．2 つ選べ． 
ａ　正常脈絡膜血管から漏出する． 
ｂ　静注されたインドシアニングリーンは主に腎臓から排泄される． 
ｃ　静注されたインドシアニングリーンのほとんどは血中蛋白に結合する． 
ｄ　インドシアニングリーンはグリーン光で励起されレッドの蛍光を発する． 
ｅ　悪心，嘔吐といった副作用はフルオレセイン蛍光眼底造影検査より少ない． "
34_13,34,13,"近見立体視検査はどれか．2 つ選べ． 
ａ Worth4 灯試験　　　　　　
ｂ 大型弱視鏡検査　　
ｃ Lang ステレオテスト 
ｄ Titmus ステレオテスト　　
ｅ Bagolini 線条ガラス試験 "
34_14,34,14,"労働安全衛生法に基づく定期健康診断で必須項目でないのはどれか． 
ａ　眼底検査　　
ｂ　視力検査　　
ｃ　聴力検査　　
ｄ　心電図検査　　
ｅ　胸部エックス線検査 "
34_15,34,15,"角膜移植のドナーになり得るのはどれか． 
ａ 敗血症　　　　　　　　 
ｂ 18 歳未満　　
ｃ 原因不明の死 
ｄ Creutzfeldt-Jakob 病　　
ｅ B型肝炎ウイルス抗原陽性者 "
34_16,34,16,"視覚障害認定基準で正しいのはどれか．2 つ選べ． 
ａ 視野障害の等級は 1 級から 5 級まである． 
ｂ 5 年以上臨床経験のある眼科医が等級認定を行う． 
ｃ 視野障害の評価には Goldmann 型視野計が必要である． 
ｄ 両眼による視野の 2 分の 1 以上が欠けていれば，身体障害認定に該当する． 
ｅ 一眼の視力が 0．02 のとき他眼の視力が 0．6 以下であれば，身体障害認定に該当する． "
34_17,34,17,"遺伝学的検査が保険収載されているのはどれか．2 つ選べ． 
ａ　無虹彩症　　
ｂ　網膜芽細胞腫　　
ｃ　網膜色素変性　　
ｄ　角膜ジストロフィ　　
ｅ　黄斑ジストロフィ "
34_18,34,18,"眼窩の悪性腫瘍で最も頻度が高いのはどれか． 
ａ　横紋筋肉腫　　
ｂ　腺様囊胞癌　　
ｃ　転移性腫瘍　　
ｄ　悪性リンパ腫　　
ｅ　孤立性線維性腫瘍 "
34_19,34,19,"涙腺腫大と外眼筋肥厚が生じる疾患はどれか．2 つ選べ． 
ａ Basedow 病　　　　
ｂ 眼虚血症候群　　
ｃ Sjögren 症候群　　 
ｄ IgG4 関連眼疾患　　
ｅ 多発血管炎性肉芽腫症 "
34_20,34,20,"涙液中の値が血液の値よりも低いのはどれか．2 つ選べ． 
ａ　カリウム　　
ｂ　分泌型 IgA　　
ｃ　アルブミン　　
ｄ　グルコース　　
ｅ　ラクトフェリン "
34_21,34,21,"涙道の解剖で正しいのはどれか．2 つ選べ． 
ａ　涙囊は蝶形骨に接している．　　　　 
ｂ　鼻涙管は下鼻道に開口している． 
ｃ　涙小管の周囲には Müller 筋がある． 
ｄ　涙小管の上皮は重層扁平上皮である． 
ｅ　涙小管垂直部の長さは約 8 mm，水平部は約 2 mm である． "
34_22,34,22,"涙道閉塞を来す可能性がある抗がん剤はどれか．2 つ選べ． 
ａ　ニボルマブ　　　　　
ｂ　ドセタキセル　　 
ｃ　マイトマイシン C　　
ｄ　メトトレキサート 
ｅ　テガフール・ギメラシル・オテラシルカリウム（TS-1） "
34_23,34,23,"結膜で正しいのはどれか． 
ａ リンパ管が発達している．　　　　 
ｂ 3～5 層の重層扁平上皮である． 
ｃ Krause 腺は瞼結膜にみられる．　　
ｄ 球結膜には Henle の陰窩がみられる． 
ｅ 杯細胞はワックスエステルを分泌する． "
34_24,34,24,"細菌性結膜炎で正しいのはどれか．2 つ選べ． 
ａ　起炎菌は表皮ブドウ球菌が最も多い． 
ｂ　片眼性の難治性結膜炎では涙小管炎の合併を考慮する． 
ｃ　クラミジア結膜炎では濾胞が融合して堤防状を呈する． 
ｄ　淋菌性結膜炎に対する第一選択薬はニューキノロン系である． 
ｅ　高齢者やアトピー性皮膚炎患者ではクラミジア結膜炎の発症率が高い． "
34_25,34,25,"結膜の杯細胞数が増加する疾患はどれか．2 つ選べ． 
ａ　眼類天疱瘡　　　　　　
ｂ　ドライアイ　　
ｃ　細菌性結膜炎 
ｄ　アレルギー性結膜炎　　
ｅ    Stevens-Johnson 症候群 "
34_26,34,26,"ピマリシン眼軟膏が効果を示すのはどれか．2 つ選べ． 
ａ Fusarium spp.　　　　　　 
ｂ Candida albicans　　
ｃ Mycobacterium chelonae 
ｄ Streptococcus pneumoniae　　
ｅ Staphylococcus epidermidis "
34_27,34,27,"病理組織学的に Congo レッド染色で陽性所見がみられるのはどれか．2 つ選べ． 
ａ　斑状角膜ジストロフィ　　　　
ｂ　格子状角膜ジストロフィ 
ｃ　膠様滴状角膜ジストロフィ　　
ｄ　角膜上皮基底膜ジストロフィ 
ｅ    Reis-Bücklers 角膜ジストロフィ "
34_28,34,28,"カタル性角膜潰瘍で適切でないのはどれか． 
ａ　フルオレセイン染色で染まる．　　　　　　　　
ｂ　副腎皮質ステロイド点眼が有効である． 
ｃ　潰瘍部位から黄色ブドウ球菌が検出される．　　
ｄ　角膜輪部と浸潤病巣の間に透明帯がみられる． 
ｅ    2 時，4 時，8 時，10 時方向が好発部位である． "
34_29,34,29,"Thygeson 点状表層角膜炎の治療で正しいのはどれか． 
ａ　角膜擦過　　　　　　　　　
ｂ　シクロスポリン点眼　　
ｃ　副腎皮質ステロイド点眼 
ｄ　アシクロビル眼軟膏点入　　
ｅ　マクロライド系抗菌薬内服 "
34_30,34,30,"ペルーシド辺縁角膜変性で正しいのはどれか． 
ａ　女性に多い．　　　　　　　　
ｂ　脂質沈着を伴う．　　
ｃ　青年期に発症する． 
ｄ　菲薄部で角膜が穿孔する．　　
ｅ　角膜上方周辺部に好発する． "
34_31,34,31,"LASIK 後に起こり得る合併症はどれか．2 つ選べ． 
ａ　白内障　　
ｂ　角膜拡張症　　
ｃ　角膜知覚低下　　
ｄ　水疱性角膜症　　
ｅ　閉塞隅角緑内障 "
34_32,34,32,"上皮型角膜ヘルペスの初期治療でアシクロビル眼軟膏の適切な点入回数はどれか． 
ａ 1 日 1 回　　
ｂ 1 日 2 回　　
ｃ 1 日 3 回　　
ｄ 1 日 4 回　　
ｅ 1 日 5 回 "
34_33,34,33,"角膜移植後の角膜感染症の原因となる代表的な病原体はどれか． 
ａ　緑膿菌　　
ｂ　酵母型真菌　　
ｃ　糸状型真菌　　
ｄ　アカントアメーバ　　
ｅ　サイトメガロウイルス "
34_34,34,34,"角膜混濁を来すのはどれか．3 つ選べ． 
ａ 腎不全　　
ｂ Coats 病　　
ｃ Wilson 病　　
ｄ 下垂体腫瘍　　
ｅ 多発性骨髄腫 "
34_35,34,35,"網膜格子状変性で正しいのはどれか．2 つ選べ． 
ａ　加齢により範囲が拡大する．　　　　　　　
ｂ　人口の約 30～40％にみられる． 
ｃ　格子状変性部では網膜が肥厚している．　　
ｄ　格子状変性巣部では硝子体が強く癒着している． 
ｅ　格子状変性巣内の円孔は若年者の裂孔原性網膜剝離に多くみられる． "
34_36,34,36,"網膜色素上皮下の病変でないのはどれか． 
ａ　軟性ドルーゼン　　　　　　
ｂ　眼内悪性リンパ腫　　
ｃ　ポリープ状脈絡膜血管症 
ｄ　卵黄状黄斑ジストロフィ　　
ｅ　パキコロイド血管新生黄斑症 "
34_37,34,37,"網膜芽細胞腫で正しいのはどれか． 
ａ　性差はない．　　　　　　　　
ｂ　遺伝性はない．　　
ｃ　白色人種に多い． 
ｄ　両眼の発症はまれである．　　
ｅ　日本での発症数は年間およそ 500 人である． "
34_38,34,38,"点状脈絡膜内層症（PIC）で正しいのはどれか． 
ａ　男性に多い．　　　　　　　　　　　
ｂ　片眼性である．　　
ｃ    OCT にて高輝度反射となる． 
ｄ    －10．00 D 以上の近視眼に多い．　　
ｅ　インドシアニングリーン蛍光眼底造影で過蛍光斑となる． "
34_39,34,39,"急性帯状潜在性網膜外層症（AZOOR）の特徴で誤っているのはどれか． 
ａ　若年女性に好発　　　　　　　　　　
ｂ　網膜内層の非薄化　　
ｃ    Mariotte 盲点の拡大 
ｄ　急激に発症する片眼性の視力低下　　
ｅ　多局所 ERG において視野欠損部位に一致した振幅低下 "
34_40,34,40,"糖尿病網膜症の進行の危険因子で誤っているのはどれか． 
ａ　妊娠　　
ｂ　高血圧　　
ｃ　高尿酸血症　　
ｄ　腎機能の低下　　
ｅ　糖尿病罹病期間 "
34_41,34,41,"網膜中心動脈閉塞で正しいのはどれか．2 つ選べ． 
ａ　網膜外層の浮腫がみられる．　　 
ｂ　強度近視が危険因子である．　　 
ｃ    ERG で b 波の減弱がみられる．　　
ｄ    OCTA で黄斑血管密度は減少する． 
ｅ　毛様網膜動脈による黄斑回避が約 30％にみられる． "
34_42,34,42,"網膜色素変性で正しいのはどれか．2 つ選べ． 
ａ　孤発例が多い．　　　　　　　　　　　
ｂ　初期の ERG は正常である．　　
ｃ　初発症状は視力低下である． 
ｄ    Usher 症候群では難聴を合併する．　　
ｅ　合併する白内障は前囊下混濁から始まる． "
34_43,34,43,"Coats 病で正しいのはどれか． 
ａ　女児に多い．　　　　　　　　
ｂ　両眼性が多い．　　
ｃ　家族性にみられる． 
ｄ　治療は網膜光凝固を行う．　　
ｅ　裂孔原性網膜剝離を生じる． "
34_44,34,44,"硝子体血管系遺残（旧，第一次硝子体過形成遺残）で正しいのはどれか．2 つ選べ． ａ　小眼球を伴うことが多い．　　　　
ｂ　両眼にみられることが多い． 
ｃ　眼内に石灰化所見がみられる．　　
ｄ　抗 VEGF 薬硝子体内注射が有効である． 
ｅ　前眼部型は後眼部型より視力予後は良好である． "
34_45,34,45,"サイトメガロウイルス虹彩炎で誤っているのはどれか． 
ａ　再発を繰り返す．　　　　　　
ｂ　続発緑内障を合併する． 
ｃ　角膜内皮細胞が減少する．　　
ｄ　免疫不全状態でなくても発症する． 
ｅ　診断には血清ウイルス抗体価の測定が有用である．"
34_46,34,46,"疾患と眼所見の組合せで誤っているのはどれか． 
ａ Behçet 病　　　　　　　　　　　　　　　　　　　　 視神経乳頭の新生血管 
ｂ 後部強膜炎　　　　　　　　　　　　　　　　　　　   浅前房 
ｃ 糖尿病虹彩炎　　　　　　　　　　　　　　　　　　   前房中の線維素（フィブリン） ｄ Posner-Schlossman 症候群　　　　　　　　　　　　  隅角の色素増加 
ｅ 尿細管間質性腎炎ぶどう膜炎（TINU）症候群　　　　 網膜血管炎 "
34_47,34,47,"Vogt-小柳-原田病の急性期の所見で正しいのはどれか．2 つ選べ． 
ａ 浅前房　　　　　　　　 
ｂ 皮膚白斑　　
ｃ 夕焼け状眼底 
ｄ OCT で脈絡膜菲薄化　　
ｅ インドシアニングリーン蛍光眼底造影で多発する斑状低蛍光 "
34_48,34,48,"急性前部ぶどう膜炎を来すのはどれか．2 つ選べ． 
ａ Bloch-Sulzberger 症候群　　
ｂ Buerger 病　　
ｃ Crohn 病　　
ｄ Reiter 病　　
ｅ Scheie 症候群 "
34_49,34,49,"日本において Behçet 病網膜ぶどう膜炎に対して承認されている生物学的製剤はどれか． 　2 つ選べ． 
ａ　アダリムマブ　　
ｂ　インフリキシマブ　　
ｃ　エタネルセプト　　
ｄ　トシリズマブ　　
ｅ　リツキシマブ "
34_50,34,50,"若年性特発性関節炎に伴うぶどう膜炎で陽性率の高い血液検査項目はどれか． 
ａ    KL-6　　
ｂ　抗核抗体　　
ｃ　抗 CCP 抗体　　
ｄ　リウマチ因子　　
ｅ　可溶性 IL-2 受容体 "
34_51,34,51,"瘢痕期未熟児網膜症で生じるのはどれか．2 つ選べ． 
ａ　硝子体出血　　　　　
ｂ　黄斑網膜分離　　
ｃ　囊胞様黄斑浮腫 
ｄ　網膜色素上皮裂孔　　
ｅ　裂孔原性網膜剝離 "
34_52,34,52,"水晶体混濁の原因となるのはどれか．2 つ選べ． 
ａ　キノホルム　　　　　　　
ｂ　クロロキン　　
ｃ　ガラクトース 
ｄ　エタンブトール塩酸塩　　
ｅ　クロルプロマジン塩酸塩 "
34_53,34,53,"精神発達遅滞を来すのはどれか． 
ａ 無虹彩症　　　　　　　　
ｂ Werner 症候群　　
ｃ Schwartz 症候群 
ｄ Leber 遺伝性視神経症　　
ｅ Rubinstein-Taybi 症候群 "
34_54,34,54,"正しい組合せはどれか．2 つ選べ． 
ａ Usher 症候群　　　　　　　　　 黄斑変性 
ｂ Möbius 症候群　　　　　　　　　 外転神経麻痺 
ｃ CHARGE 症候群　　　　　　　　 類皮囊腫 
ｄ Goldenhar 症候群　　　　　　　　虹彩コロボーマ 
ｅ Axenfeld-Rieger 症候群　　　　　後部胎生環 "
34_55,34,55,"網膜色素変性を合併する全身疾患はどれか．2 つ選べ． 
ａ Down 症候群　　
ｂ Hurler 症候群　　
ｃ Stickler 症候群　　 
ｄ 先天風疹症候群　
ｅ Bardet-Biedl 症候群 "
34_56,34,56,"乳幼児の視力評価に有用でないのはどれか． 
ａ　選択視法　　
ｂ　対光反射　　
ｃ　大型弱視鏡　　
ｄ　視運動性眼反射　　
ｅ　森実式ドットカード "
34_57,34,57,"`＋2.50D の遠視で＋2.00D のコンタクトレンズを装用したとき，近点は眼前 50cm であった．調節力はどれか． 
ａ 1．50 D　　
ｂ 2．00 D　　
ｃ 2．50 D　　
ｄ 3．00 D　　
ｅ 3．50 D "
34_58,34,58,"70歳の女性．散瞳薬点眼後に羞明や見えにくさを訴えている． 　起こる変化で誤っているのはどれか． 
ａ　回折が増加する．　　
ｂ　散乱が増加する．　　 
ｃ　収差が増加する．　　
ｄ　焦点深度が浅くなる． 
ｅ　網膜照度が増加する． "
34_59,34,59,"前置レンズを置かず，検影器の直前に置いた調節視標を注視させ開散光にて検影法を行った． 　左眼の遠視性不同視弱視の場合，眼底反射のパターンはどれか． 
ａ　右眼　中和　　左眼　同行　　
ｂ　右眼　中和　　左眼　逆行　　
ｃ　右眼　逆行　　左眼　同行 
ｄ　右眼　同行　　左眼　中和　　
ｅ　右眼　逆行　　左眼　中和 "
34_60,34,60,"正しい組合せはどれか． 
ａ　微小斜視　　　　　　　　　　　　　　　　　4Δ基底外方試験正常 
ｂ　甲状腺眼症　　　　　　　　　　　　　　　　日内変動 
ｃ 　A 型内斜視　　　　　　　　　　　　　　　　顎引き頭位 
ｄ　交代性上斜位　　　　　　　　　　　　　　　交差性複視 
ｅ　上斜筋腱鞘症候群（Brown 症候群）　　　　　牽引試験陽性 "
34_61,34,61,"頭位異常を示すのはどれか． 
ａ　偽外斜視　　
ｂ　輻湊麻痺　　
ｃ　間欠性外斜視　　
ｄ　交代性上斜位　　
ｅ　後天共同性内斜視 "
34_62,34,62,"Sagging eye 症候群で正しいのはどれか． 
ａ　固定内斜視に移行する．　　
ｂ　筋移動術が適応である．　　
ｃ　遠見で複視がみられる． 
ｄ　好発年齢は 20 代である． 
ｅ　画像診断で外直筋上方偏位がみられる．"
34_63,34,63,"先天赤緑色覚異常で正しいのはどれか．2 つ選べ． 
ａ　保因者は女性のみである．　　 
ｂ　保因者の頻度は 5％である． 
ｃ　男性の有病率は 2％である．　　
ｄ 　1 型 2 色覚では L 錐体が欠損している． 
ｅ 　X 連鎖性遺伝形式を示すのは赤緑色覚異常のみである． "
34_64,34,64,"相対的瞳孔求心路障害（RAPD）で正しいのはどれか．2 つ選べ． 
ａ　視中枢病変では RAPD は陰性である． 
ｂ　視索の障害では同側の RAPD が陽性である． 
ｃ　視放線の障害では対側の RAPD が陽性である． 
ｄ　外側膝状体病変では対側の RAPD が陽性である． 
ｅ　片側性球後視神経炎では同側の RAPD が陽性である． "
34_65,34,65,"外側膝状体の視野障害で正しいのはどれか． 
ａ　黄斑回避　　
ｂ　耳側半月　　
ｃ　連合暗点　　
ｄ　楔形同名半盲　　
ｅ 　pie in the sky "
34_66,34,66,"抗アクアポリン ₄ 抗体陽性視神経炎の急性期でまず行う治療はどれか． 
ａ　血漿浄化療法　　　　　　　　　
ｂ　抗補体抗体点滴静注　　
ｃ　ステロイドパルス療法 
ｄ　免疫グロブリン大量点滴静注　　
ｅ　抗 IL-6 受容体抗体皮下注射 "
34_67,34,67,"女性に多い視神経疾患はどれか． 
ａ　鼻性視神経症　　　　　　　　　　
ｂ　虚血性視神経症　　
ｃ 　Leber 遺伝性視神経症 
ｄ　顕性遺伝（優性遺伝）性視神経症　　
ｅ　抗アクアポリン 4 抗体陽性視神経炎 "
34_68,34,68,"対光・近見反射解離がみられるのはどれか． 
ａ Brown 症候群　　　
ｂ Duane 症候群　　
ｃ one-and-a-half 症候群 
ｄ Parinaud 症候群　　
ｅ Wallenberg 症候群 "
34_69,34,69,"視神経障害を最も起こしやすい欠乏症はどれか． 
ａ　ビタミン A　　
ｂ　ビタミン B1　　
ｃ　ビタミン B2　　
ｄ　ビタミン B6　　
ｅ　ビタミン C "
34_70,34,70,"42歳の男性．日内変動のある眼瞼下垂を訴えているが，現在は所見がない．所見の確認に有用な検査はどれか． 
ａ　眼球突出度　　　
ｂ　アイステスト　　
ｃ　角膜知覚試験 
ｄ　上方注視試験　　
ｅ　エドロホニウム塩化物静注試験（テンシロンテスト） "
34_71,34,71,"視神経乳頭浮腫を起こしにくいのはどれか． 
ａ　鼻性視神経症　　　　
ｂ　梅毒性視神経症　　
ｃ　虚血性視神経症 
ｄ　糖尿病性視神経症　　
ｅ　エタンブトール視神経症 "
34_72,34,72,"外傷性視神経症の受傷直後の所見はどれか． 
ａ　瞳孔不同　　　　　　　
ｂ　視神経乳頭蒼白　　
ｃ　視神経乳頭浮腫 
ｄ　網膜神経線維層欠損　　
ｅ　相対的瞳孔求心路障害（RAPD） "
34_73,34,73,"動脈炎性虚血性視神経症で誤っているのはどれか． 
ａ　赤沈が亢進する．　　　　　　　　　　
ｂ　女性の方が多い． 
ｃ　側頭動脈に多核巨細胞がみられる．　　
ｄ　非動脈炎性より発生頻度が少ない． 
ｅ　無治療では僚眼に約 15～20％の症例で発症する． "
34_74,34,74,"小児の非外傷性外転神経麻痺の原因で最も多いのはどれか． 
ａ　虚血　　
ｂ　脳腫瘍　　
ｃ　脳動脈瘤　　
ｄ　ウイルス感染　　
ｅ　多発性硬化症 "
34_75,34,75,"眼球運動で正しいのはどれか．2 つ選べ． 
ａ　非共同性眼球運動には輻湊と開散がある．　　
ｂ　視運動性眼振とは反射性眼球運動である． 
ｃ　前庭動眼反射は非共同性眼球運動である．　　
ｄ　サッケードとは滑動性眼球運動のことである． 
ｅ　パスートとは速い動きの眼球運動のことである． "
34_76,34,76,"落屑症候群に伴う変化で誤っているのはどれか． 
ａ　眼圧上昇　　　　　　　　
ｂ　散瞳不良　　
ｃ 　Zinn 小帯脆弱 
ｄ　豚脂様角膜後面沈着物　　
ｅ　散瞳後の前房内色素遊出 "
34_77,34,77,"マイトマイシン C 併用線維柱帯切除術後 ５年間での濾過胞感染の累積発生頻度はどれか． 
ａ 0．02％ 　　
ｂ 0．2％ 　　
ｃ 2％ 　　
ｄ 5％ 　　
ｅ 10％ "
34_78,34,78,"選択的レーザー線維柱帯形成術（SLT）の適応でないのはどれか． 
ａ　落屑緑内障　　　　　　　
ｂ　ステロイド緑内障　　
ｃ　原発開放隅角緑内障 
ｄ　ぶどう膜炎続発緑内障　　
ｅ　点眼アレルギーのある正常眼圧緑内障"
34_79,34,79,"小児緑内障の診断基準の項目に含まれないのはどれか． 
ａ　眼圧　　
ｂ　眼軸長　　
ｃ    Haab 線　　
ｄ　陥凹乳頭径比　　
ｅ　角膜曲率半径 "
34_80,34,80,"OCT による緑内障の黄斑部網膜内層厚測定の結果に影響するもので誤っているのはどれか． 
ａ　黄斑上膜　　　　　　　　　　
ｂ　ラーニング・エフェクト　　 
ｃ　白内障による信号強度低下　　
ｄ　セグメンテーション・エラー　　 
ｅ　モーション・アーチファクト "
34_81,34,81,"日本で市販されている眼圧下降配合薬の組合せで誤っているのはどれか． 
ａ　カルテオロール塩酸塩　　　　　　ラタノプロスト 
ｂ　ブリモニジン酒石酸塩　　　　　　ブリンゾラミド 
ｃ　ブリモニジン酒石酸塩　　　　　　チモロールマレイン酸塩 
ｄ　チモロールマレイン酸塩　　　　　ビマトプロスト 
ｅ　チモロールマレイン酸塩　　　　　ブリンゾラミド "
34_82,34,82,"自動視野計で正しいのはどれか． 
ａ　視野の周辺部では感度の変動が小さい． 
ｂ　視野の閾値が上昇すると感度は上昇する． 
ｃ　偽陽性応答が増えると見かけの感度低下を認める． 
ｄ　エスターマンテストは単一輝度による閾上刺激である． 
ｅ　標準の視標サイズとして Goldmann サイズ 5 が用いられる． "
34_83,34,83,"鈍的眼外傷でみられないのはどれか． 
ａ　黄斑円孔　　
ｂ　毛様体解離　　
ｃ　角膜内皮障害　　
ｄ    Schwartz 症候群　　
ｅ    Purtscher 網膜症 "
34_84,34,84,"眼内異物で網膜毒性が最も高いのはどれか． 
ａ　鉄　　
ｂ　亜鉛　　
ｃ　ガラス　　
ｄ　アルミニウム　　
ｅ　ポリメチルメタクリレート "
34_85,34,85,"薬剤と眼合併症の組合せで誤っているのはどれか． 
ａ　ニボルマブ　　　　　　　　　　　　　ぶどう膜炎 
ｂ　エルゴタミン製剤　　　　　　　　　　網膜静脈閉塞 
ｃ　クエン酸シルデナフィル　　　　　　　青視症 
ｄ　タモキシフェンクエン酸　　　　　　　黄斑浮腫 
ｅ　ヒドロキシクロロキン硫酸塩　　　　　網膜分離症 "
34_86,34,86,"生物学的製剤と適応疾患の組合せで誤っているのはどれか． 
ａ　リツキシマブ　　　　　　　悪性リンパ腫 
ｂ　ラニビズマブ　　　　　　　未熟児網膜症 
ｃ　アダリムマブ　　　　　　　感染性ぶどう膜炎 
ｄ　アフリベルセプト　　　　　血管新生緑内障 
ｅ　インフリキシマブ　　　　　Behçet 病による難治性網膜ぶどう膜炎 "
34_87,34,87,"副腎皮質ステロイド全身投与開始時に併用を考慮すべき薬剤はどれか．2 つ選べ． 
ａ　アセトアミノフェン　　　　　
ｂ　ビスホスホネート製剤 
ｃ　ジクロフェナクナトリウム　　
ｄ　プラバスタチンナトリウム 
ｅ　スルファメトキサゾール・トリメトプリム（ST）合剤 "
34_88,34,88,"房水産生を抑制する緑内障治療薬はどれか． 
ａ　イソプロピルウノプロストン　　
ｂ　チモロールマレイン酸塩　　
ｃ　ピロカルピン塩酸塩 
ｄ　ブナゾシン塩酸塩　　　　　　　
ｅ　リパスジル塩酸塩水和物 "
34_89,34,89,"後発白内障に対する後囊切開に使用するレーザーの波長はどれか． 
ａ 488 nm　　
ｂ 514 nm　　
ｃ 532 nm　　
ｄ 800 nm　　
ｅ 1,064 nm "
34_90,34,90,"白内障術後眼内炎で正しいのはどれか．2 つ選べ． 
ａ　手術翌日に発症する例が多い． 
ｂ　眼痛がなければ眼内炎を否定できる． 
ｃ　我が国での発症頻度は 2,000～4,000 例に 1 例である． 
ｄ    Cutibacterium acnes（P. acnes）によるものは発症が遅い． 
ｅ    Staphylococcus epidermidis によるものは視力予後が悪い．"
34_91,34,91,"白内障術後に前房フレアが上昇しやすいのはどれか．2 つ選べ． 
ａ　強度近視　　
ｂ　落屑症候群　　
ｃ　加齢黄斑変性　　
ｄ　網膜色素変性　　
ｅ　顆粒状角膜ジストロフィ "
34_92,34,92,"角膜疾患に対する治療法はどれか． 
ａ　河本法　　
ｂ    Brown 法　　
ｃ    Faden 手術　　
ｄ    Anderson 法　　
 e     Krönlein 手術 "
34_93,34,93,"結膜囊で保持できる点眼薬の量はどれか． 
ａ 10μl　　
ｂ 30μl　　
ｃ 50μl　　
ｄ 70μl　　
ｅ 90μl "
34_94,34,94,"角膜の遷延性上皮欠損の治療で適切なのはどれか．2 つ選べ． 
ａ　瞼板縫合　　　　　　　　　
ｂ　全層角膜移植　　
ｃ　深部層状角膜移植 
ｄ　治療用コンタクトレンズ　　
ｅ　治療的レーザー角膜切除 "
34_95,34,95,"角膜移植で正しいのはどれか． 
ａ　角膜の提供には脳死判定が必要である． 
ｂ　国内で眼球摘出を行うのは医師である必要がある． 
ｃ　医師は角膜を提供したドナーの情報を患者に知らせる． 
ｄ    Optisol™ GS で保存した角膜は 3 日以内に使う必要がある． 
ｅ　角膜の提供には本人が亡くなる前の意思確認が必要である． "
34_96,34,96,"角膜内皮移植（DSAEK）で移植片前房内挿入後に行う手技はどれか．2 つ選べ． 
ａ　切開創の縫合　　　　　　
ｂ　前房内空気注入　　
ｃ    Descemet 膜の剝離 
ｄ　前房メンテナーの挿入　　
ｅ　フリリンガリングの縫合 "
34_97,34,97,"線維柱帯切除術後のレーザー切糸術で正しいのはどれか． 
ａ　アブラハムレンズを使う．　　　　　 
ｂ　核酸代謝阻害薬を併用する． 
ｃ　スポットサイズは 200μm である．　　
ｄ　赤色のレーザーの使用が望ましい． 
ｅ　線維柱帯切除術後 1 週以内は行わない． "
34_98,34,98,"強膜内陥術の下液排液による合併症はどれか．2 つ選べ． 
ａ　網膜穿孔　　
ｂ　脈絡膜剝離　　
ｃ　網膜下出血　　
ｄ　眼球運動障害　　
ｅ　バックル感染 "
34_99,34,99,"緑内障治療で正しいのはどれか． 
ａ iStent® は白内障手術と同時に行う． 
ｂ viscocanalostomy は濾過手術である． 
ｃ 毛様体破壊術は眼圧コントロールが容易である． 
ｄ 線維柱帯切除術は線維柱帯切開術より眼圧下降効果が小さい． 
ｅ マイクロパルス毛様体レーザー術は繰り返し行うことはできない． "
34_100,34,100,"硝子体手術が第一選択となるのはどれか．2 つ選べ． 
ａ　小児の外傷による黄斑円孔 
ｂ　網膜静脈閉塞症による黄斑浮腫 
ｃ　増殖糖尿病網膜症による牽引性網膜剝離 
ｄ　多発性後極部色素上皮症による網膜剝離 
ｅ　網膜細動脈瘤破裂による黄斑部内境界膜下出血"
